id,grade,subject,q,a,w1,w2,w3
3001,2,math,28 + 41 = ?,69,79,59,68
3002,2,math,60 - 19 = ?,41,31,45,40
3003,2,math,80 + 63 = ?,143,144,133,141
3004,2,math,84 + 59 = ?,143,142,144,133
3005,2,math,48 + 35 = ?,83,93,73,86
3006,2,math,60 + 69 = ?,129,119,139,130
3007,2,math,88 - 6 = ?,82,77,78,81
3008,2,math,90 - 67 = ?,23,33,22,24
3009,2,math,21 + 80 = ?,101,102,100,91
3010,2,math,29 + 2 = ?,31,34,21,30
3011,2,math,78 + 5 = ?,83,73,84,93
3012,2,math,34 - 9 = ?,25,26,24,15
3013,2,math,18 - 4 = ?,14,10,9,12
3014,2,math,17 - 10 = ?,7,17,8,6
3015,2,math,71 - 70 = ?,1,0,11,2
3016,2,math,22 - 7 = ?,15,25,16,14
3017,2,math,15 + 69 = ?,84,85,79,83
3018,2,math,60 + 64 = ?,124,134,123,114
3019,2,math,26 + 39 = ?,65,75,64,55
3020,2,math,65 + 4 = ?,69,67,73,70
3021,2,math,98 + 75 = ?,173,172,183,163
3022,2,math,65 - 13 = ?,52,62,53,42
3023,2,math,70 + 73 = ?,143,138,133,144
3024,2,math,93 + 5 = ?,98,97,108,96
3025,2,math,33 - 9 = ?,24,25,14,34
3026,2,math,28 + 29 = ?,57,56,47,58
3027,2,math,99 - 6 = ?,93,83,92,94
3028,2,math,44 + 6 = ?,50,49,40,60
3029,2,math,52 - 7 = ?,45,35,46,41
3030,2,math,24 + 88 = ?,112,113,122,111
3031,2,math,41 - 1 = ?,40,41,43,39
3032,2,math,62 - 21 = ?,41,40,42,39
3033,2,math,87 - 18 = ?,69,68,59,79
3034,2,math,27 + 4 = ?,31,21,26,41
3035,2,math,66 + 37 = ?,103,102,104,113
3036,2,math,10 - 9 = ?,1,11,0,2
3037,2,math,62 - 30 = ?,32,33,31,22
3038,2,math,91 + 9 = ?,100,101,110,99
3039,2,math,54 - 7 = ?,47,48,37,46
3040,2,math,46 + 48 = ?,94,95,84,93
3041,2,math,36 + 7 = ?,43,42,53,44
3042,2,math,83 + 1 = ?,84,85,94,83
3043,2,math,48 + 62 = ?,110,111,120,109
3044,2,math,68 + 24 = ?,92,93,94,102
3045,2,math,74 + 1 = ?,75,71,74,85
3046,2,math,76 - 32 = ?,44,46,49,43
3047,2,math,67 + 73 = ?,140,141,130,139
3048,2,math,82 - 60 = ?,22,23,12,24
3049,2,math,93 - 61 = ?,32,22,33,31
3050,2,math,27 + 83 = ?,110,111,120,100
3051,2,math,20 - 3 = ?,17,27,7,18
3052,2,math,23 - 1 = ?,22,21,23,32
3053,2,math,69 - 4 = ?,65,66,64,75
3054,2,math,87 + 7 = ?,94,95,104,84
3055,2,math,70 + 88 = ?,158,159,162,157
3056,2,math,95 - 1 = ?,94,93,104,84
3057,2,math,97 + 8 = ?,105,104,115,103
3058,2,math,69 + 9 = ?,78,77,79,88
3059,2,math,76 + 8 = ?,84,74,86,83
3060,2,math,32 + 97 = ?,129,139,130,119
3061,2,math,59 - 5 = ?,54,64,56,53
3062,2,math,28 + 3 = ?,31,35,41,30
3063,2,math,89 + 47 = ?,136,137,132,138
3064,2,math,21 + 68 = ?,89,99,85,88
3065,2,math,26 + 8 = ?,34,39,44,31
3066,2,math,96 + 28 = ?,124,123,114,125
3067,2,math,98 - 26 = ?,72,73,71,62
3068,2,math,23 - 2 = ?,21,25,31,11
3069,2,math,79 + 70 = ?,149,150,148,139
3070,2,math,42 - 10 = ?,32,36,33,31
3071,2,math,26 + 5 = ?,31,41,36,32
3072,2,math,40 + 65 = ?,105,106,104,115
3073,2,math,32 + 64 = ?,96,86,95,97
3074,2,math,28 + 26 = ?,54,59,44,50
3075,2,math,59 - 53 = ?,6,16,7,3
3076,2,math,37 + 3 = ?,40,50,30,41
3077,2,math,10 - 2 = ?,8,12,9,7
3078,2,math,50 - 3 = ?,47,46,37,57
3079,2,math,91 - 56 = ?,35,25,45,33
3080,2,math,79 + 78 = ?,157,158,156,147
3081,2,math,78 + 54 = ?,132,136,122,142
3082,2,math,56 - 27 = ?,29,39,19,30
3083,2,math,74 + 63 = ?,137,127,138,133
3084,2,math,17 + 76 = ?,93,83,88,92
3085,2,math,81 + 6 = ?,87,88,97,86
3086,2,math,61 + 4 = ?,65,75,64,55
3087,2,math,80 - 74 = ?,6,5,2,16
3088,2,math,62 - 26 = ?,36,37,35,26
3089,2,math,91 + 5 = ?,96,95,106,86
3090,2,math,12 - 6 = ?,6,1,5,16
3091,2,math,92 - 59 = ?,33,43,32,23
3092,2,math,56 + 8 = ?,64,74,63,61
3093,2,math,56 - 8 = ?,48,49,47,58
3094,2,math,54 + 44 = ?,98,99,88,97
3095,2,math,50 + 9 = ?,59,49,58,60
3096,2,math,96 - 42 = ?,54,50,53,44
3097,2,math,36 - 8 = ?,28,27,18,29
3098,2,math,67 - 17 = ?,50,53,55,49
3099,2,math,28 - 9 = ?,19,9,21,18
3100,2,math,92 - 6 = ?,86,76,87,96
3101,2,math,68 + 20 = ?,88,84,98,89
3102,2,math,95 - 44 = ?,51,61,46,49
3103,2,math,11 - 8 = ?,3,13,4,2
3104,2,math,53 + 24 = ?,77,67,78,76
3105,2,math,91 + 41 = ?,132,133,122,127
3106,2,math,60 + 9 = ?,69,68,70,59
3107,2,math,45 - 19 = ?,26,27,25,36
3108,2,math,97 - 18 = ?,79,89,84,69
3109,2,math,96 - 7 = ?,89,99,90,88
3110,2,math,41 + 60 = ?,101,100,102,91
3111,2,math,87 - 6 = ?,81,80,83,91
3112,2,math,66 + 4 = ?,70,69,71,60
3113,2,math,64 - 7 = ?,57,56,55,53
3114,2,math,74 - 4 = ?,70,80,72,60
3115,2,math,46 + 66 = ?,112,102,114,111
3116,2,math,78 + 2 = ?,80,70,81,79
3117,2,math,79 - 7 = ?,72,73,62,77
3118,2,math,92 - 3 = ?,89,91,87,79
3119,2,math,81 - 2 = ?,79,89,80,69
3120,2,math,17 - 8 = ?,9,5,12,8
3121,2,math,78 + 23 = ?,101,111,105,91
3122,2,math,13 - 8 = ?,5,15,10,2
3123,2,math,14 + 2 = ?,16,17,13,15
3124,2,math,52 - 15 = ?,37,40,35,27
3125,2,math,22 - 9 = ?,13,14,11,23
3126,2,math,46 + 4 = ?,50,40,49,51
3127,2,math,63 + 1 = ?,64,59,74,63
3128,2,math,63 - 36 = ?,27,23,17,28
3129,2,math,78 - 71 = ?,7,6,2,8
3130,2,math,54 - 3 = ?,51,61,50,52
3131,2,math,88 - 81 = ?,7,5,9,17
3132,2,math,75 - 73 = ?,2,1,12,3
3133,2,math,83 + 46 = ?,129,128,119,139
3134,2,math,64 + 2 = ?,66,67,56,65
3135,2,math,95 - 30 = ?,65,66,55,69
3136,2,math,64 - 35 = ?,29,28,34,39
3137,2,math,65 + 2 = ?,67,77,71,57
3138,2,math,40 - 30 = ?,10,9,11,20
3139,2,math,72 - 5 = ?,67,57,68,66
3140,2,math,58 - 2 = ?,56,46,66,55
3141,2,math,34 + 7 = ?,41,40,51,31
3142,2,math,75 + 5 = ?,80,79,81,90
3143,2,math,61 - 41 = ?,20,24,10,21
3144,2,math,71 + 2 = ?,73,74,76,68
3145,2,math,60 + 12 = ?,72,73,71,82
3146,2,math,64 - 59 = ?,5,6,4,0
3147,2,math,87 + 41 = ?,128,130,127,132
3148,2,math,83 - 33 = ?,50,52,40,51
3149,2,math,19 - 1 = ?,18,17,23,28
3150,2,math,22 + 99 = ?,121,122,120,117
3151,2,math,74 + 23 = ?,97,98,96,94
3152,2,math,97 + 4 = ?,101,111,102,100
3153,2,math,74 + 11 = ?,85,84,75,86
3154,2,math,96 + 1 = ?,97,87,101,96
3155,2,math,40 - 8 = ?,32,22,28,31
3156,2,math,64 - 12 = ?,52,56,51,53
3157,2,math,68 + 43 = ?,111,101,107,112
3158,2,math,53 + 96 = ?,149,147,150,148
3159,2,math,28 + 7 = ?,35,25,34,36
3160,2,math,69 + 3 = ?,72,82,62,71
3161,2,math,26 - 2 = ?,24,25,34,23
3162,2,math,17 + 64 = ?,81,91,71,86
3163,2,math,25 - 3 = ?,22,21,32,12
3164,2,math,27 + 2 = ?,29,30,39,25
3165,2,math,66 + 2 = ?,68,67,78,58
3166,2,math,39 + 37 = ?,76,75,80,86
3167,2,math,54 - 8 = ?,46,47,56,50
3168,2,math,25 - 9 = ?,16,6,15,17
3169,2,math,44 + 8 = ?,52,50,53,54
3170,2,math,18 - 4 = ?,14,15,4,13
3171,2,math,26 - 7 = ?,19,29,18,15
3172,2,math,36 + 2 = ?,38,41,48,42
3173,2,math,60 + 86 = ?,146,149,143,156
3174,2,math,78 + 5 = ?,83,82,93,87
3175,2,math,40 - 18 = ?,22,21,23,12
3176,2,math,90 + 51 = ?,141,151,131,142
3177,2,math,24 + 21 = ?,45,48,44,55
3178,2,math,33 + 6 = ?,39,41,38,49
3179,2,math,43 + 2 = ?,45,46,44,55
3180,2,math,69 + 1 = ?,70,69,65,71
3181,2,math,77 - 2 = ?,75,76,74,65
3182,2,math,72 - 30 = ?,42,40,52,43
3183,2,math,45 - 43 = ?,2,12,3,1
3184,2,math,61 - 4 = ?,57,58,67,47
3185,2,math,82 + 4 = ?,86,85,76,87
3186,2,math,86 - 3 = ?,83,73,93,87
3187,2,math,93 + 9 = ?,102,103,101,99
3188,2,math,19 + 81 = ?,100,102,90,99
3189,2,math,60 - 10 = ?,50,40,51,49
3190,2,math,63 - 36 = ?,27,24,37,26
3191,2,math,71 + 61 = ?,132,131,127,122
3192,2,math,80 - 66 = ?,14,12,15,24
3193,2,math,32 + 87 = ?,119,109,114,118
3194,2,math,10 - 3 = ?,7,6,2,8
3195,2,math,98 + 78 = ?,176,172,186,177
3196,2,math,27 + 6 = ?,33,35,43,32
3197,2,math,69 - 37 = ?,32,22,33,31
3198,2,math,11 + 3 = ?,14,9,15,4
3199,2,math,56 + 4 = ?,60,50,61,59
3200,2,math,23 - 15 = ?,8,9,18,12
3201,2,math,48 + 3 = ?,51,52,50,48
3202,2,math,20 + 1 = ?,21,22,20,11
3203,2,math,83 + 9 = ?,92,93,102,91
3204,2,math,46 + 63 = ?,109,110,108,106
3205,2,math,60 + 9 = ?,69,70,68,74
3206,2,math,66 - 25 = ?,41,51,31,37
3207,2,math,33 - 9 = ?,24,14,25,22
3208,2,math,85 - 8 = ?,77,79,76,80
3209,2,math,56 + 7 = ?,63,73,64,53
3210,2,math,20 - 1 = ?,19,20,29,9
3211,2,math,21 + 1 = ?,22,23,21,12
3212,2,math,82 - 62 = ?,20,19,25,10
3213,2,math,25 + 3 = ?,28,18,29,27
3214,2,math,12 - 8 = ?,4,9,3,14
3215,2,math,86 + 4 = ?,90,89,100,86
3216,2,math,13 + 3 = ?,16,26,17,21
3217,2,math,54 - 7 = ?,47,45,46,48
3218,2,math,13 - 9 = ?,4,5,14,3
3219,2,math,63 - 59 = ?,4,5,3,14
3220,2,math,48 - 38 = ?,10,8,20,11
3221,2,math,18 - 8 = ?,10,9,11,20
3222,2,math,64 - 1 = ?,63,62,64,53
3223,2,math,97 - 38 = ?,59,58,69,49
3224,2,math,29 + 33 = ?,62,63,72,52
3225,2,math,88 - 9 = ?,79,74,89,78
3226,2,math,72 - 30 = ?,42,43,32,47
3227,2,math,64 + 7 = ?,71,81,70,72
3228,2,math,29 + 79 = ?,108,107,118,105
3229,2,math,52 - 2 = ?,50,40,51,60
3230,2,math,95 - 6 = ?,89,88,84,79
3231,2,math,55 + 45 = ?,100,102,101,90
3232,2,math,64 - 18 = ?,46,45,47,36
3233,2,math,66 + 40 = ?,106,105,107,96
3234,2,math,19 - 13 = ?,6,7,5,2
3235,2,math,69 - 65 = ?,4,3,14,5
3236,2,math,88 - 68 = ?,20,21,19,30
3237,2,math,33 + 6 = ?,39,36,38,29
3238,2,math,28 + 2 = ?,30,40,31,33
3239,2,math,85 + 47 = ?,132,142,133,122
3240,2,math,25 + 4 = ?,29,19,26,28
3241,2,math,72 - 36 = ?,36,40,32,37
3242,2,math,63 + 43 = ?,106,107,96,102
3243,2,math,94 - 33 = ?,61,62,60,71
3244,2,math,94 - 4 = ?,90,100,80,91
3245,2,math,92 + 68 = ?,160,150,165,159
3246,2,math,29 + 5 = ?,34,35,29,38
3247,2,math,40 - 21 = ?,19,20,17,18
3248,2,math,43 - 7 = ?,36,35,40,37
3249,2,math,47 - 15 = ?,32,33,31,37
3250,2,math,17 - 7 = ?,10,0,9,20
3251,2,math,88 - 7 = ?,81,82,80,71
3252,2,math,53 + 64 = ?,117,107,127,116
3253,2,math,36 + 4 = ?,40,30,50,41
3254,2,math,46 - 2 = ?,44,34,42,43
3255,2,math,32 + 30 = ?,62,64,52,72
3256,2,math,64 - 26 = ?,38,28,37,34
3257,2,math,98 + 3 = ?,101,100,111,99
3258,2,math,51 + 48 = ?,99,98,97,109
3259,2,math,53 - 9 = ?,44,49,34,46
3260,2,math,60 - 2 = ?,58,68,57,48
3261,2,math,53 + 4 = ?,57,47,58,56
3262,2,math,94 + 51 = ?,145,155,144,135
3263,2,math,10 + 78 = ?,88,89,78,98
3264,2,math,37 - 14 = ?,23,33,13,22
3265,2,math,61 - 59 = ?,2,12,1,3
3266,2,math,89 + 70 = ?,159,158,160,169
3267,2,math,38 + 9 = ?,47,46,37,57
3268,2,math,75 + 28 = ?,103,93,104,102
3269,2,math,75 - 3 = ?,72,82,73,71
3270,2,math,85 + 1 = ?,86,87,85,90
3271,2,math,89 + 2 = ?,91,87,92,86
3272,2,math,32 - 17 = ?,15,16,14,18
3273,2,math,35 - 8 = ?,27,37,28,17
3274,2,math,34 - 23 = ?,11,12,21,1
3275,2,math,29 - 2 = ?,27,17,37,26
3276,2,math,98 - 7 = ?,91,81,101,90
3277,2,math,23 - 19 = ?,4,2,3,14
3278,2,math,90 - 44 = ?,46,43,45,56
3279,2,math,71 - 59 = ?,12,13,15,22
3280,2,math,63 - 2 = ?,61,51,71,60
3281,2,math,63 + 35 = ?,98,99,103,97
3282,2,math,49 - 19 = ?,30,32,31,20
3283,2,math,33 - 6 = ?,27,31,29,26
3284,2,math,99 - 14 = ?,85,86,95,75
3285,2,math,42 - 2 = ?,40,50,41,35
3286,2,math,14 - 5 = ?,9,13,4,19
3287,2,math,65 - 8 = ?,57,62,47,67
3288,2,math,24 + 5 = ?,29,34,39,19
3289,2,math,81 + 7 = ?,88,91,78,83
3290,2,math,11 + 9 = ?,20,17,30,10
3291,2,math,39 - 6 = ?,33,43,34,32
3292,2,math,80 - 2 = ?,78,68,79,77
3293,2,math,91 - 55 = ?,36,46,37,35
3294,2,math,70 - 7 = ?,63,64,62,67
3295,2,math,74 - 8 = ?,66,71,68,76
3296,2,math,41 - 9 = ?,32,29,27,34
3297,2,math,44 + 1 = ?,45,55,35,46
3298,2,math,22 - 11 = ?,11,9,21,12
3299,2,math,54 + 43 = ?,97,98,102,107
3300,2,math,54 + 79 = ?,133,132,134,123
3301,2,math,47 + 17 = ?,64,54,74,65
3302,2,math,18 + 57 = ?,75,76,73,74
3303,2,math,36 - 9 = ?,27,32,26,17
3304,2,math,60 - 37 = ?,23,24,13,22
3305,2,math,31 + 6 = ?,37,33,36,38
3306,2,math,95 - 80 = ?,15,5,16,25
3307,2,math,43 - 37 = ?,6,7,5,4
3308,2,math,99 - 6 = ?,93,103,94,95
3309,2,math,60 - 23 = ?,37,33,27,38
3310,2,math,71 + 7 = ?,78,77,88,68
3311,2,math,94 + 59 = ?,153,152,154,143
3312,2,math,64 + 89 = ?,153,143,148,151
3313,2,math,20 - 4 = ?,16,6,17,14
3314,2,math,12 + 3 = ?,15,18,14,11
3315,2,math,69 - 6 = ?,63,62,53,73
3316,2,math,28 + 15 = ?,43,53,42,33
3317,2,math,38 - 8 = ?,30,33,29,40
3318,2,math,89 - 8 = ?,81,78,91,82
3319,2,math,53 - 35 = ?,18,19,8,17
3320,2,math,44 + 12 = ?,56,46,55,52
3321,2,math,91 - 56 = ?,35,45,36,30
3322,2,math,88 - 13 = ?,75,65,76,74
3323,2,math,37 - 21 = ?,16,12,6,18
3324,2,math,29 - 7 = ?,22,25,12,21
3325,2,math,94 - 11 = ?,83,84,82,73
3326,2,math,86 - 13 = ?,73,71,72,83
3327,2,math,88 + 22 = ?,110,100,114,112
3328,2,math,16 + 2 = ?,18,8,19,17
3329,2,math,19 - 2 = ?,17,7,22,27
3330,2,math,88 + 69 = ?,157,167,158,147
3331,2,math,13 + 53 = ?,66,76,70,56
3332,2,math,97 - 60 = ?,37,27,36,40
3333,2,math,89 - 59 = ?,30,20,29,26
3334,2,math,17 - 9 = ?,8,10,7,13
3335,2,math,91 - 82 = ?,9,8,19,10
3336,2,math,19 + 4 = ?,23,18,13,33
3337,2,math,55 - 4 = ?,51,52,48,50
3338,2,math,46 + 44 = ?,90,100,80,91
3339,2,math,91 + 7 = ?,98,99,88,97
3340,2,math,54 + 3 = ?,57,56,58,47
3341,2,math,47 - 16 = ?,31,26,30,32
3342,2,math,65 + 5 = ?,70,69,80,68
3343,2,math,97 - 22 = ?,75,71,76,65
3344,2,math,92 + 61 = ?,153,143,152,163
3345,2,math,87 + 98 = ?,185,186,175,195
3346,2,math,60 - 45 = ?,15,16,14,5
3347,2,math,45 + 53 = ?,98,108,88,97
3348,2,math,42 + 89 = ?,131,127,121,132
3349,2,math,29 + 5 = ?,34,33,35,24
3350,2,math,72 - 11 = ?,61,63,60,62
3351,2,math,54 - 6 = ?,48,49,47,58
3352,2,math,45 - 31 = ?,14,17,13,24
3353,2,math,93 - 6 = ?,87,89,97,92
3354,2,math,53 - 9 = ?,44,34,54,43
3355,2,math,44 + 1 = ?,45,35,46,55
3356,2,math,67 + 15 = ?,82,72,78,81
3357,2,math,76 - 15 = ?,61,62,65,60
3358,2,math,85 + 79 = ?,164,163,174,167
3359,2,math,75 - 4 = ?,71,73,81,72
3360,2,math,12 - 5 = ?,7,8,17,12
3361,2,math,63 + 2 = ?,65,66,55,75
3362,2,math,45 + 8 = ?,53,43,56,63
3363,2,math,77 + 2 = ?,79,89,77,69
3364,2,math,55 - 45 = ?,10,20,7,11
3365,2,math,76 - 27 = ?,49,52,59,48
3366,2,math,10 - 8 = ?,2,1,12,3
3367,2,math,30 + 4 = ?,34,39,35,32
3368,2,math,23 + 89 = ?,112,102,113,111
3369,2,math,79 + 1 = ?,80,79,90,81
3370,2,math,15 - 2 = ?,13,14,23,12
3371,2,math,50 - 7 = ?,43,33,53,42
3372,2,math,32 + 68 = ?,100,101,95,98
3373,2,math,81 - 66 = ?,15,16,12,5
3374,2,math,24 + 64 = ?,88,98,89,78
3375,2,math,46 - 3 = ?,43,33,53,44
3376,2,math,48 + 50 = ?,98,99,108,97
3377,2,math,76 - 6 = ?,70,80,69,71
3378,2,math,85 - 5 = ?,80,83,70,81
3379,2,math,84 - 41 = ?,43,53,33,42
3380,2,math,46 + 2 = ?,48,51,49,44
3381,2,math,26 + 8 = ?,34,33,24,38
3382,2,math,87 - 8 = ?,79,80,69,89
3383,2,math,73 + 1 = ?,74,72,64,75
3384,2,math,28 + 63 = ?,91,90,94,87
3385,2,math,21 + 1 = ?,22,23,19,17
3386,2,math,94 - 3 = ?,91,101,90,87
3387,2,math,84 - 7 = ?,77,73,87,78
3388,2,math,75 - 34 = ?,41,31,40,46
3389,2,math,49 + 3 = ?,52,42,51,62
3390,2,math,41 - 33 = ?,8,7,9,18
3391,2,math,89 + 3 = ?,92,93,91,94
3392,2,math,43 + 1 = ?,44,54,34,45
3393,2,math,32 + 9 = ?,41,51,42,40
3394,2,math,99 - 6 = ?,93,94,88,92
3395,2,math,85 + 35 = ?,120,119,121,110
3396,2,math,97 - 74 = ?,23,22,13,33
3397,2,math,75 - 34 = ?,41,51,39,31
3398,2,math,30 + 83 = ?,113,112,123,114
3399,2,math,83 + 88 = ?,171,181,176,172
3400,2,math,76 + 4 = ?,80,78,90,70
3401,2,math,45 + 8 = ?,53,63,49,52
3402,2,math,36 - 12 = ?,24,25,23,29
3403,2,math,47 - 21 = ?,26,29,27,23
3404,2,math,14 + 3 = ?,17,18,12,7
3405,2,math,78 + 4 = ?,82,92,81,83
3406,2,math,14 - 4 = ?,10,11,20,12
3407,2,math,58 - 27 = ?,31,21,41,33
3408,2,math,36 + 81 = ?,117,118,107,116
3409,2,math,35 - 14 = ?,21,22,24,31
3410,2,math,87 + 5 = ?,92,87,89,93
3411,2,math,45 + 20 = ?,65,55,70,60
3412,2,math,18 + 78 = ?,96,91,97,86
3413,2,math,49 + 1 = ?,50,49,51,54
3414,2,math,73 - 24 = ?,49,39,50,48
3415,2,math,81 - 4 = ?,77,76,79,78
3416,2,math,62 - 3 = ?,59,69,49,60
3417,2,math,25 + 94 = ?,119,109,129,117
3418,2,math,93 + 75 = ?,168,178,158,167
3419,2,math,46 - 11 = ?,35,34,25,45
3420,2,math,94 - 23 = ?,71,81,69,72
3421,2,math,34 - 1 = ?,33,35,34,23
3422,2,math,24 + 45 = ?,69,59,68,79
3423,2,math,40 + 3 = ?,43,45,53,33
3424,2,math,15 + 40 = ?,55,56,54,45
3425,2,math,99 + 81 = ?,180,178,181,170
3426,2,math,20 - 9 = ?,11,12,21,1
3427,2,math,92 - 9 = ?,83,81,73,82
3428,2,math,70 - 8 = ?,62,63,52,61
3429,2,math,54 - 8 = ?,46,41,49,45
3430,2,math,72 - 3 = ?,69,70,68,59
3431,2,math,54 + 95 = ?,149,159,148,147
3432,2,math,50 - 3 = ?,47,37,48,43
3433,2,math,65 + 82 = ?,147,146,157,137
3434,2,math,12 - 3 = ?,9,19,8,10
3435,2,math,46 + 8 = ?,54,53,44,51
3436,2,math,26 - 1 = ?,25,20,26,23
3437,2,math,84 - 6 = ?,78,77,68,88
3438,2,math,62 + 9 = ?,71,72,76,61
3439,2,math,19 - 13 = ?,6,1,7,16
3440,2,math,57 + 31 = ?,88,89,78,86
3441,2,math,26 + 80 = ?,106,107,116,96
3442,2,math,21 + 8 = ?,29,28,30,39
3443,2,math,83 - 48 = ?,35,36,39,34
3444,2,math,58 - 21 = ?,37,38,27,36
3445,2,math,96 - 87 = ?,9,4,10,19
3446,2,math,38 - 24 = ?,14,13,4,24
3447,2,math,76 + 9 = ?,85,80,75,86
3448,2,math,84 - 1 = ?,83,82,84,73
3449,2,math,62 + 2 = ?,64,65,63,54
3450,2,math,67 - 22 = ?,45,35,40,46
3451,2,math,24 + 84 = ?,108,109,118,107
3452,2,math,94 + 23 = ?,117,116,107,112
3453,2,math,52 + 5 = ?,57,56,58,47
3454,2,math,16 + 83 = ?,99,109,98,104
3455,2,math,90 - 5 = ?,85,80,84,95
3456,2,math,87 + 9 = ?,96,106,95,97
3457,2,math,16 - 8 = ?,8,3,9,18
3458,2,math,10 + 93 = ?,103,113,102,93
3459,2,math,22 - 3 = ?,19,18,29,17
3460,2,math,93 - 55 = ?,38,28,37,48
3461,2,math,19 - 4 = ?,15,5,25,16
3462,2,math,77 + 34 = ?,111,113,114,110
3463,2,math,95 - 78 = ?,17,18,7,27
3464,2,math,67 - 27 = ?,40,39,45,30
3465,2,math,77 - 7 = ?,70,75,74,60
3466,2,math,14 - 10 = ?,4,3,14,5
3467,2,math,70 + 23 = ?,93,92,98,94
3468,2,math,44 + 4 = ?,48,38,43,47
3469,2,math,97 + 64 = ?,161,151,171,160
3470,2,math,34 - 7 = ?,27,26,28,23
3471,2,math,15 - 4 = ?,11,10,12,21
3472,2,math,61 - 54 = ?,7,12,8,17
3473,2,math,52 - 2 = ?,50,49,55,51
3474,2,math,94 - 57 = ?,37,38,36,47
3475,2,math,44 + 7 = ?,51,52,41,61
3476,2,math,11 - 1 = ?,10,20,0,6
3477,2,math,69 - 8 = ?,61,60,71,66
3478,2,math,94 - 17 = ?,77,67,87,76
3479,2,math,65 + 91 = ?,156,157,166,160
3480,2,math,10 + 9 = ?,19,18,29,9
3481,2,math,20 + 3 = ?,23,24,13,33
3482,2,math,42 + 9 = ?,51,41,47,61
3483,2,math,88 - 4 = ?,84,83,82,94
3484,2,math,13 + 45 = ?,58,59,68,60
3485,2,math,28 - 20 = ?,8,9,4,18
3486,2,math,90 - 8 = ?,82,72,87,92
3487,2,math,65 - 15 = ?,50,40,60,47
3488,2,math,31 + 96 = ?,127,128,137,126
3489,2,math,35 - 8 = ?,27,26,28,17
3490,2,math,75 + 9 = ?,84,81,74,83
3491,2,math,67 - 7 = ?,60,70,59,50
3492,2,math,43 + 5 = ?,48,58,38,47
3493,2,math,54 + 7 = ?,61,62,65,60
3494,2,math,71 - 2 = ?,69,59,70,68
3495,2,math,67 - 25 = ?,42,52,39,41
3496,2,math,85 - 55 = ?,30,20,40,29
3497,2,math,84 + 61 = ?,145,144,146,140
3498,2,math,74 - 4 = ?,70,60,71,69
3499,2,math,85 - 3 = ?,82,92,87,72
3500,2,math,95 - 49 = ?,46,49,50,45
3501,2,math,35 + 2 = ?,37,36,27,47
3502,2,math,97 + 51 = ?,148,158,149,138
3503,2,math,90 + 68 = ?,158,168,159,148
3504,2,math,53 + 9 = ?,62,52,63,72
3505,2,math,65 - 48 = ?,17,7,27,18
3506,2,math,94 - 67 = ?,27,29,17,28
3507,2,math,37 + 71 = ?,108,98,107,105
3508,2,math,83 - 1 = ?,82,81,72,92
3509,2,math,63 - 46 = ?,17,15,7,18
3510,2,math,30 - 14 = ?,16,26,14,17
3511,2,math,19 - 7 = ?,12,11,2,9
3512,2,math,38 + 2 = ?,40,41,50,39
3513,2,math,60 - 5 = ?,55,57,52,56
3514,2,math,69 - 7 = ?,62,61,67,65
3515,2,math,26 - 9 = ?,17,16,27,7
3516,2,math,84 - 30 = ?,54,64,55,53
3517,2,math,74 + 31 = ?,105,104,109,95
3518,2,math,24 - 3 = ?,21,26,22,31
3519,2,math,80 - 48 = ?,32,22,33,42
3520,2,math,98 - 90 = ?,8,9,7,3
3521,2,math,68 + 39 = ?,107,106,108,97
3522,2,math,78 + 1 = ?,79,80,78,89
3523,2,math,43 - 35 = ?,8,9,10,7
3524,2,math,18 + 7 = ?,25,24,26,15
3525,2,math,98 - 77 = ?,21,11,20,22
3526,2,math,72 - 54 = ?,18,17,28,19
3527,2,math,51 - 6 = ?,45,50,44,55
3528,2,math,25 + 69 = ?,94,91,84,93
3529,2,math,78 + 2 = ?,80,90,70,77
3530,2,math,51 - 36 = ?,15,16,25,14
3531,2,math,90 + 82 = ?,172,171,182,162
3532,2,math,99 - 38 = ?,61,62,60,51
3533,2,math,37 + 32 = ?,69,68,79,71
3534,2,math,13 - 9 = ?,4,5,14,7
3535,2,math,83 + 2 = ?,85,86,95,75
3536,2,math,73 + 1 = ?,74,84,73,76
3537,2,math,72 - 18 = ?,54,55,53,64
3538,2,math,47 + 41 = ?,88,78,83,85
3539,2,math,48 + 65 = ?,113,112,114,103
3540,2,math,63 - 8 = ?,55,56,65,60
3541,2,math,93 + 47 = ?,140,141,130,150
3542,2,math,96 + 10 = ?,106,96,116,101
3543,2,math,18 + 6 = ?,24,14,25,19
3544,2,math,74 - 47 = ?,27,23,29,26
3545,2,math,90 - 34 = ?,56,66,53,46
3546,2,math,29 - 23 = ?,6,16,10,5
3547,2,math,71 + 99 = ?,170,171,169,172
3548,2,math,28 + 75 = ?,103,102,104,113
3549,2,math,50 - 32 = ?,18,28,19,17
3550,2,math,65 - 32 = ?,33,34,23,32
3551,2,math,86 + 6 = ?,92,93,91,102
3552,2,math,78 + 4 = ?,82,81,72,92
3553,2,math,51 - 6 = ?,45,46,40,47
3554,2,math,28 + 7 = ?,35,40,45,36
3555,2,math,99 - 84 = ?,15,25,5,16
3556,2,math,47 - 3 = ?,44,41,43,48
3557,2,math,74 - 6 = ?,68,78,58,67
3558,2,math,31 - 6 = ?,25,35,26,30
3559,2,math,41 + 2 = ?,43,44,42,53
3560,2,math,46 + 4 = ?,50,51,60,40
3561,2,math,82 - 3 = ?,79,89,77,75
3562,2,math,39 + 8 = ?,47,46,42,37
3563,2,math,41 + 3 = ?,44,45,43,54
3564,2,math,68 - 56 = ?,12,11,22,13
3565,2,math,44 + 4 = ?,48,58,47,38
3566,2,math,58 - 17 = ?,41,51,42,31
3567,2,math,90 - 36 = ?,54,44,50,53
3568,2,math,47 + 15 = ?,62,63,52,61
3569,2,math,64 + 78 = ?,142,132,139,141
3570,2,math,46 + 9 = ?,55,65,52,45
3571,2,math,69 - 1 = ?,68,63,78,58
3572,2,math,85 - 5 = ?,80,70,81,90
3573,2,math,62 - 2 = ?,60,70,50,59
3574,2,math,49 - 34 = ?,15,19,14,5
3575,2,math,23 - 7 = ?,16,11,17,15
3576,2,math,55 - 40 = ?,15,16,14,25
3577,2,math,78 - 61 = ?,17,7,21,18
3578,2,math,33 + 73 = ?,106,105,96,107
3579,2,math,62 - 6 = ?,56,52,66,60
3580,2,math,87 + 6 = ?,93,92,83,103
3581,2,math,85 + 9 = ?,94,84,97,93
3582,2,math,85 - 44 = ?,41,31,40,42
3583,2,math,43 - 6 = ?,37,36,27,47
3584,2,math,14 + 8 = ?,22,32,23,21
3585,2,math,87 + 62 = ?,149,148,159,139
3586,2,math,57 + 67 = ?,124,126,123,129
3587,2,math,99 + 9 = ?,108,109,98,118
3588,2,math,79 + 16 = ?,95,105,91,85
3589,2,math,85 + 2 = ?,87,77,86,91
3590,2,math,52 + 6 = ?,58,59,48,62
3591,2,math,36 - 2 = ?,34,31,35,44
3592,2,math,74 - 3 = ?,71,81,72,68
3593,2,math,77 - 25 = ?,52,62,51,42
3594,2,math,94 + 18 = ?,112,122,113,102
3595,2,math,21 - 1 = ?,20,19,10,21
3596,2,math,40 - 7 = ?,33,34,32,43
3597,2,math,38 - 7 = ?,31,27,21,41
3598,2,math,25 + 3 = ?,28,38,27,18
3599,2,math,87 - 30 = ?,57,56,67,58
3600,2,math,20 + 5 = ?,25,30,15,26
3601,2,math,75 + 7 = ?,82,81,83,79
3602,2,math,47 + 5 = ?,52,51,42,53
3603,2,math,24 + 21 = ?,45,35,44,46
3604,2,math,49 - 31 = ?,18,19,8,21
3605,2,math,96 - 4 = ?,92,93,82,88
3606,2,math,63 - 16 = ?,47,43,45,46
3607,2,math,97 - 46 = ?,51,41,50,61
3608,2,math,34 - 4 = ?,30,20,35,31
3609,2,math,56 - 36 = ?,20,30,21,10
3610,2,math,89 + 21 = ?,110,111,109,120
3611,2,math,55 - 53 = ?,2,4,1,3
3612,2,math,59 - 21 = ?,38,28,39,37
3613,2,math,35 + 2 = ?,37,47,38,36
3614,2,math,94 + 18 = ?,112,113,122,111
3615,2,math,73 + 5 = ?,78,77,68,75
3616,2,math,19 + 5 = ?,24,26,23,29
3617,2,math,65 + 1 = ?,66,65,56,63
3618,2,math,49 - 8 = ?,41,45,31,40
3619,2,math,77 + 8 = ?,85,86,80,84
3620,2,math,67 + 1 = ?,68,78,69,67
3621,2,math,78 - 3 = ?,75,76,85,74
3622,2,math,96 + 7 = ?,103,104,113,102
3623,2,math,52 + 4 = ?,56,57,52,46
3624,2,math,21 + 58 = ?,79,78,77,69
3625,2,math,56 + 7 = ?,63,73,53,64
3626,2,math,58 - 7 = ?,51,52,41,48
3627,2,math,33 + 33 = ?,66,70,67,56
3628,2,math,10 + 63 = ?,73,71,83,63
3629,2,math,54 - 21 = ?,33,29,36,34
3630,2,math,48 + 9 = ?,57,54,56,67
3631,2,math,37 - 6 = ?,31,21,29,28
3632,2,math,96 + 6 = ?,102,105,103,92
3633,2,math,87 - 10 = ?,77,76,67,87
3634,2,math,94 + 3 = ?,97,92,98,96
3635,2,math,75 - 69 = ?,6,11,16,5
3636,2,math,60 - 51 = ?,9,8,10,19
3637,2,math,22 - 13 = ?,9,13,10,8
3638,2,math,91 - 37 = ?,54,50,64,44
3639,2,math,89 + 5 = ?,94,104,93,84
3640,2,math,75 - 1 = ?,74,73,75,64
3641,2,math,82 + 7 = ?,89,90,79,88
3642,2,math,18 + 18 = ?,36,35,32,46
3643,2,math,55 + 2 = ?,57,47,60,58
3644,2,math,28 - 3 = ?,25,24,15,21
3645,2,math,65 - 42 = ?,23,24,33,13
3646,2,math,42 - 7 = ?,35,36,34,45
3647,2,math,90 + 1 = ?,91,90,81,94
3648,2,math,96 + 88 = ?,184,183,194,185
3649,2,math,34 + 6 = ?,40,41,50,45
3650,2,math,39 + 5 = ?,44,45,43,34
3651,2,math,37 + 89 = ?,126,127,136,125
3652,2,math,92 - 37 = ?,55,65,56,54
3653,2,math,46 + 3 = ?,49,59,39,50
3654,2,math,11 + 20 = ?,31,33,21,30
3655,2,math,26 - 4 = ?,22,32,21,12
3656,2,math,59 - 21 = ?,38,37,39,48
3657,2,math,21 + 4 = ?,25,35,22,26
3658,2,math,33 - 6 = ?,27,17,26,37
3659,2,math,37 - 1 = ?,36,35,46,37
3660,2,math,76 + 1 = ?,77,76,67,73
3661,2,math,46 + 31 = ?,77,78,87,76
3662,2,math,39 - 4 = ?,35,34,36,31
3663,2,math,86 - 47 = ?,39,38,49,40
3664,2,math,45 + 1 = ?,46,36,41,45
3665,2,math,50 + 7 = ?,57,67,47,58
3666,2,math,62 + 31 = ?,93,94,95,98
3667,2,math,23 + 6 = ?,29,39,19,28
3668,2,math,97 + 8 = ?,105,95,115,106
3669,2,math,98 - 75 = ?,23,22,33,24
3670,2,math,48 - 1 = ?,47,46,44,37
3671,2,math,73 + 38 = ?,111,121,110,114
3672,2,math,74 - 17 = ?,57,53,67,58
3673,2,math,98 - 4 = ?,94,104,93,84
3674,2,math,86 - 76 = ?,10,11,9,15
3675,2,math,43 - 2 = ?,41,42,51,31
3676,2,math,21 - 8 = ?,13,23,14,12
3677,2,math,93 - 26 = ?,67,57,68,66
3678,2,math,61 - 3 = ?,58,55,57,63
3679,2,math,65 + 3 = ?,68,58,69,67
3680,2,math,76 - 46 = ?,30,34,32,40
3681,2,math,93 - 78 = ?,15,5,25,12
3682,2,math,16 + 5 = ?,21,11,31,20
3683,2,math,98 - 65 = ?,33,32,23,43
3684,2,math,72 + 8 = ?,80,81,90,79
3685,2,math,76 + 7 = ?,83,73,82,84
3686,2,math,74 - 3 = ?,71,72,70,81
3687,2,math,83 + 85 = ?,168,172,169,165
3688,2,math,94 - 33 = ?,61,57,60,51
3689,2,math,40 + 23 = ?,63,62,64,65
3690,2,math,63 + 37 = ?,100,99,95,110
3691,2,math,25 + 6 = ?,31,30,21,41
3692,2,math,72 + 7 = ?,79,80,78,69
3693,2,math,14 - 7 = ?,7,2,17,6
3694,2,math,13 + 75 = ?,88,85,98,78
3695,2,math,79 - 13 = ?,66,56,70,67
3696,2,math,46 - 5 = ?,41,51,44,40
3697,2,math,85 - 4 = ?,81,91,80,82
3698,2,math,43 - 24 = ?,19,20,18,29
3699,2,math,32 - 4 = ?,28,38,31,29
3700,2,math,76 - 69 = ?,7,8,17,6
3701,2,math,54 + 9 = ?,63,64,62,66
3702,2,math,58 - 13 = ?,45,46,55,44
3703,2,math,60 + 73 = ?,133,134,123,132
3704,2,math,82 - 22 = ?,60,57,61,58
3705,2,math,18 + 60 = ?,78,80,76,68
3706,2,math,65 - 49 = ?,16,15,17,26
3707,2,math,97 - 78 = ?,19,9,20,18
3708,2,math,29 + 8 = ?,37,33,36,47
3709,2,math,97 - 59 = ?,38,48,37,34
3710,2,math,11 + 7 = ?,18,8,17,19
3711,2,math,37 + 26 = ?,63,73,62,64
3712,2,math,45 + 5 = ?,50,40,49,60
3713,2,math,12 - 1 = ?,11,12,1,8
3714,2,math,81 + 3 = ?,84,94,74,85
3715,2,math,82 + 2 = ?,84,94,83,85
3716,2,math,96 - 10 = ?,86,87,76,85
3717,2,math,82 - 19 = ?,63,62,73,53
3718,2,math,78 + 9 = ?,87,88,77,86
3719,2,math,49 + 34 = ?,83,82,80,84
3720,2,math,89 + 84 = ?,173,183,163,174
3721,2,math,24 - 20 = ?,4,5,3,2
3722,2,math,45 + 90 = ?,135,145,134,136
3723,2,math,40 + 26 = ?,66,65,76,56
3724,2,math,39 - 20 = ?,19,23,29,9
3725,2,math,25 + 43 = ?,68,72,69,63
3726,2,math,31 + 42 = ?,73,74,83,72
3727,2,math,99 + 3 = ?,102,112,103,101
3728,2,math,79 + 5 = ?,84,83,85,94
3729,2,math,95 + 3 = ?,98,99,108,97
3730,2,math,13 + 83 = ?,96,106,94,95
3731,2,math,60 - 59 = ?,1,2,0,11
3732,2,math,99 - 8 = ?,91,90,81,92
3733,2,math,13 + 8 = ?,21,11,16,19
3734,2,math,72 - 9 = ?,63,73,62,53
3735,2,math,82 - 74 = ?,8,18,9,7
3736,2,math,54 + 2 = ?,56,46,55,57
3737,2,math,42 - 32 = ?,10,13,20,0
3738,2,math,48 - 16 = ?,32,29,22,42
3739,2,math,46 - 35 = ?,11,12,21,9
3740,2,math,86 + 73 = ?,159,169,158,160
3741,2,math,80 - 68 = ?,12,11,13,22
3742,2,math,54 - 51 = ?,3,2,4,5
3743,2,math,34 - 34 = ?,0,10,5,1
3744,2,math,44 + 5 = ?,49,48,50,39
3745,2,math,55 + 10 = ?,65,69,64,75
3746,2,math,90 + 34 = ?,124,123,114,125
3747,2,math,79 - 55 = ?,24,20,25,23
3748,2,math,31 - 4 = ?,27,17,31,26
3749,2,math,92 - 22 = ?,70,69,66,60
3750,2,math,28 - 6 = ?,22,23,21,12
3751,2,math,40 + 2 = ?,42,41,32,43
3752,2,math,77 - 3 = ?,74,73,64,75
3753,2,math,19 - 6 = ?,13,11,12,14
3754,2,math,64 - 46 = ?,18,8,21,19
3755,2,math,35 - 4 = ?,31,21,27,30
3756,2,math,87 - 6 = ?,81,82,80,71
3757,2,math,18 + 65 = ?,83,81,93,73
3758,2,math,61 + 3 = ?,64,54,74,63
3759,2,math,66 - 25 = ?,41,38,42,51
3760,2,math,77 + 55 = ?,132,133,131,127
3761,2,math,80 - 3 = ?,77,87,81,78
3762,2,math,49 + 8 = ?,57,47,61,55
3763,2,math,40 + 40 = ?,80,81,75,70
3764,2,math,33 - 31 = ?,2,12,1,3
3765,2,math,74 + 95 = ?,169,159,166,170
3766,2,math,86 - 8 = ?,78,88,77,83
3767,2,math,59 - 8 = ?,51,49,50,52
3768,2,math,58 - 38 = ?,20,21,10,19
3769,2,math,60 - 3 = ?,57,59,67,53
3770,2,math,96 - 1 = ?,95,105,97,94
3771,2,math,66 + 48 = ?,114,115,124,113
3772,2,math,93 + 98 = ?,191,201,194,181
3773,2,math,74 - 10 = ?,64,65,63,74
3774,2,math,26 + 28 = ?,54,64,55,44
3775,2,math,49 - 49 = ?,0,1,5,10
3776,2,math,53 + 16 = ?,69,70,68,74
3777,2,math,70 + 42 = ?,112,107,117,122
3778,2,math,53 - 32 = ?,21,26,20,11
3779,2,math,44 - 8 = ?,36,38,46,26
3780,2,math,87 + 3 = ?,90,80,95,89
3781,2,math,50 + 6 = ?,56,46,55,60
3782,2,math,56 + 35 = ?,91,92,101,90
3783,2,math,57 - 12 = ?,45,55,46,49
3784,2,math,22 + 22 = ?,44,48,43,54
3785,2,math,74 - 31 = ?,43,47,53,42
3786,2,math,34 + 2 = ?,36,38,35,37
3787,2,math,11 - 2 = ?,9,10,12,8
3788,2,math,21 + 69 = ?,90,87,89,100
3789,2,math,44 - 5 = ?,39,49,41,37
3790,2,math,26 - 1 = ?,25,26,15,24
3791,2,math,33 - 7 = ?,26,27,25,16
3792,2,math,45 - 31 = ?,14,4,13,16
3793,2,math,13 + 74 = ?,87,97,86,88
3794,2,math,76 - 38 = ?,38,33,48,39
3795,2,math,35 - 1 = ?,34,33,44,35
3796,2,math,24 + 9 = ?,33,32,28,23
3797,2,math,29 + 1 = ?,30,40,35,20
3798,2,math,76 + 3 = ?,79,89,78,80
3799,2,math,42 - 1 = ?,41,44,40,42
3800,2,math,29 + 6 = ?,35,36,45,38
3801,2,math,90 - 7 = ?,83,93,82,73
3802,2,math,24 - 23 = ?,1,11,2,6
3803,2,math,47 - 7 = ?,40,30,50,39
3804,2,math,56 - 1 = ?,55,65,54,45
3805,2,math,99 + 7 = ?,106,109,96,103
3806,2,math,35 - 7 = ?,28,24,29,38
3807,2,math,69 - 55 = ?,14,4,24,15
3808,2,math,72 + 80 = ?,152,151,153,162
3809,2,math,82 - 15 = ?,67,57,66,69
3810,2,math,49 - 38 = ?,11,1,16,12
3811,2,math,72 - 14 = ?,58,59,57,68
3812,2,math,88 + 4 = ?,92,91,88,93
3813,2,math,84 + 35 = ?,119,118,129,120
3814,2,math,33 + 34 = ?,67,68,66,62
3815,2,math,54 - 3 = ?,51,52,50,41
3816,2,math,77 - 66 = ?,11,1,12,10
3817,2,math,63 - 2 = ?,61,62,60,57
3818,2,math,69 - 9 = ?,60,70,56,50
3819,2,math,86 + 47 = ?,133,123,132,143
3820,2,math,23 + 2 = ?,25,15,23,26
3821,2,math,98 - 71 = ?,27,26,32,28
3822,2,math,56 - 26 = ?,30,25,40,31
3823,2,math,86 + 41 = ?,127,137,126,122
3824,2,math,32 + 8 = ?,40,30,50,41
3825,2,math,96 + 1 = ?,97,96,99,102
3826,2,math,34 + 2 = ?,36,35,46,26
3827,2,math,91 + 8 = ?,99,89,98,100
3828,2,math,32 + 6 = ?,38,48,39,37
3829,2,math,44 + 2 = ?,46,36,48,45
3830,2,math,97 - 2 = ?,95,105,96,92
3831,2,math,67 - 35 = ?,32,37,42,22
3832,2,math,81 - 9 = ?,72,82,62,73
3833,2,math,62 - 60 = ?,2,1,3,6
3834,2,math,77 + 6 = ?,83,82,93,73
3835,2,math,92 + 8 = ?,100,101,98,90
3836,2,math,67 + 3 = ?,70,80,60,71
3837,2,math,54 + 46 = ?,100,99,110,101
3838,2,math,54 - 21 = ?,33,23,31,32
3839,2,math,13 + 7 = ?,20,10,17,30
3840,2,math,59 - 14 = ?,45,48,46,35
3841,2,math,93 + 71 = ?,164,174,154,163
3842,2,math,62 + 60 = ?,122,112,121,123
3843,2,math,79 - 1 = ?,78,79,73,77
3844,2,math,82 - 35 = ?,47,57,45,46
3845,2,math,66 - 4 = ?,62,72,59,63
3846,2,math,93 - 3 = ?,90,86,89,80
3847,2,math,33 + 9 = ?,42,43,52,32
3848,2,math,75 - 7 = ?,68,65,58,67
3849,2,math,86 - 28 = ?,58,59,48,57
3850,2,math,96 - 71 = ?,25,24,26,27
3851,2,math,98 + 24 = ?,122,132,123,112
3852,2,math,17 - 7 = ?,10,0,20,11
3853,2,math,35 + 57 = ?,92,82,96,91
3854,2,math,54 + 6 = ?,60,58,70,61
3855,2,math,88 - 58 = ?,30,20,40,31
3856,2,math,40 - 1 = ?,39,29,38,40
3857,2,math,39 - 6 = ?,33,34,32,28
3858,2,math,88 - 22 = ?,66,56,67,65
3859,2,math,14 + 8 = ?,22,25,32,12
3860,2,math,53 - 4 = ?,49,48,50,59
3861,2,math,53 + 71 = ?,124,127,134,114
3862,2,math,90 + 50 = ?,140,142,130,139
3863,2,math,97 - 73 = ?,24,14,23,25
3864,2,math,42 + 5 = ?,47,37,46,48
3865,2,math,92 + 9 = ?,101,102,105,111
3866,2,math,27 + 2 = ?,29,39,31,30
3867,2,math,23 - 5 = ?,18,15,28,17
3868,2,math,86 + 2 = ?,88,89,87,78
3869,2,math,21 - 8 = ?,13,9,3,14
3870,2,math,20 + 78 = ?,98,97,108,88
3871,2,math,50 - 23 = ?,27,17,22,37
3872,2,math,73 - 5 = ?,68,67,65,78
3873,2,math,47 + 94 = ?,141,142,143,151
3874,2,math,99 - 8 = ?,91,81,96,101
3875,2,math,86 - 82 = ?,4,1,5,6
3876,2,math,95 - 3 = ?,92,91,93,82
3877,2,math,72 - 55 = ?,17,7,18,27
3878,2,math,92 - 45 = ?,47,57,43,46
3879,2,math,46 + 1 = ?,47,57,37,49
3880,2,math,37 + 2 = ?,39,43,38,29
3881,2,math,60 - 30 = ?,30,40,20,29
3882,2,math,52 - 37 = ?,15,25,16,14
3883,2,math,93 - 58 = ?,35,31,25,36
3884,2,math,52 - 3 = ?,49,48,50,45
3885,2,math,85 - 8 = ?,77,67,87,78
3886,2,math,16 + 6 = ?,22,12,21,32
3887,2,math,72 - 27 = ?,45,35,44,55
3888,2,math,41 + 6 = ?,47,37,57,46
3889,2,math,91 + 3 = ?,94,95,93,104
3890,2,math,84 + 7 = ?,91,89,92,90
3891,2,math,81 + 8 = ?,89,79,90,99
3892,2,math,52 - 23 = ?,29,30,28,39
3893,2,math,99 - 1 = ?,98,101,99,108
3894,2,math,63 + 8 = ?,71,81,68,70
3895,2,math,96 - 67 = ?,29,30,25,39
3896,2,math,95 - 80 = ?,15,13,25,10
3897,2,math,62 - 4 = ?,58,59,48,68
3898,2,math,67 + 64 = ?,131,141,132,121
3899,2,math,28 + 9 = ?,37,47,36,38
3900,2,math,89 - 87 = ?,2,3,1,12
3901,2,math,73 - 67 = ?,6,16,11,7
3902,2,math,32 - 8 = ?,24,34,25,23
3903,2,math,76 - 30 = ?,46,36,47,48
3904,2,math,90 - 1 = ?,89,79,99,93
3905,2,math,89 - 86 = ?,3,13,2,4
3906,2,math,39 - 12 = ?,27,26,17,37
3907,2,math,52 - 1 = ?,51,53,55,41
3908,2,math,85 - 9 = ?,76,80,81,86
3909,2,math,71 - 3 = ?,68,58,69,67
3910,2,math,81 + 70 = ?,151,161,150,141
3911,2,math,40 + 7 = ?,47,57,43,48
3912,2,math,83 - 9 = ?,74,73,64,79
3913,2,math,88 - 41 = ?,47,46,57,52
3914,2,math,35 - 22 = ?,13,3,14,11
3915,2,math,94 - 26 = ?,68,58,69,78
3916,2,math,53 + 3 = ?,56,54,53,57
3917,2,math,62 + 95 = ?,157,160,167,156
3918,2,math,73 + 69 = ?,142,132,141,146
3919,2,math,72 + 60 = ?,132,137,129,122
3920,2,math,94 + 9 = ?,103,108,104,113
3921,2,math,36 - 8 = ?,28,18,27,29
3922,2,math,88 + 8 = ?,96,106,95,97
3923,2,math,33 + 25 = ?,58,57,59,68
3924,2,math,17 - 12 = ?,5,6,4,15
3925,2,math,16 - 4 = ?,12,13,9,11
3926,2,math,83 + 2 = ?,85,95,84,86
3927,2,math,36 + 7 = ?,43,41,53,33
3928,2,math,54 - 46 = ?,8,7,9,6
3929,2,math,58 - 34 = ?,24,34,14,25
3930,2,math,63 + 48 = ?,111,110,121,112
3931,2,math,14 + 14 = ?,28,38,26,25
3932,2,math,14 + 3 = ?,17,7,27,18
3933,2,math,65 - 9 = ?,56,53,66,46
3934,2,math,63 + 6 = ?,69,59,70,65
3935,2,math,86 - 3 = ?,83,84,82,93
3936,2,math,76 - 7 = ?,69,71,66,68
3937,2,math,21 - 1 = ?,20,10,21,23
3938,2,math,18 - 2 = ?,16,26,15,21
3939,2,math,62 - 19 = ?,43,42,44,33
3940,2,math,95 + 9 = ?,104,94,103,105
3941,2,math,46 - 9 = ?,37,38,36,27
3942,2,math,97 - 21 = ?,76,86,74,66
3943,2,math,52 - 4 = ?,48,58,53,49
3944,2,math,39 + 22 = ?,61,62,51,71
3945,2,math,53 + 4 = ?,57,47,58,52
3946,2,math,14 + 8 = ?,22,20,23,21
3947,2,math,82 - 27 = ?,55,45,52,56
3948,2,math,76 - 70 = ?,6,16,5,7
3949,2,math,51 - 9 = ?,42,43,52,32
3950,2,math,23 + 6 = ?,29,28,19,39
3951,2,math,34 + 80 = ?,114,124,118,104
3952,2,math,92 + 26 = ?,118,119,108,117
3953,2,math,38 + 2 = ?,40,41,50,39
3954,2,math,16 + 6 = ?,22,12,23,32
3955,2,math,59 - 18 = ?,41,31,42,40
3956,2,math,39 + 43 = ?,82,83,92,72
3957,2,math,12 + 83 = ?,95,96,94,90
3958,2,math,98 + 26 = ?,124,134,120,122
3959,2,math,89 - 8 = ?,81,91,84,86
3960,2,math,55 - 7 = ?,48,38,47,49
3961,2,math,67 + 2 = ?,69,71,79,59
3962,2,math,73 + 6 = ?,79,80,69,78
3963,2,math,75 + 6 = ?,81,91,71,80
3964,2,math,68 - 26 = ?,42,32,43,41
3965,2,math,47 - 44 = ?,3,4,13,2
3966,2,math,79 + 3 = ?,82,81,92,83
3967,2,math,43 + 5 = ?,48,43,47,58
3968,2,math,50 - 32 = ?,18,28,17,8
3969,2,math,46 - 34 = ?,12,22,13,11
3970,2,math,95 + 6 = ?,101,111,100,102
3971,2,math,55 + 87 = ?,142,143,152,137
3972,2,math,70 + 2 = ?,72,62,76,73
3973,2,math,41 - 1 = ?,40,41,50,39
3974,2,math,30 - 6 = ?,24,23,14,26
3975,2,math,39 - 15 = ?,24,34,14,25
3976,2,math,90 - 8 = ?,82,92,81,72
3977,2,math,95 + 3 = ?,98,97,88,108
3978,2,math,39 - 10 = ?,29,28,39,30
3979,2,math,51 + 71 = ?,122,125,127,123
3980,2,math,17 + 25 = ?,42,41,43,39
3981,2,math,87 + 66 = ?,153,152,158,143
3982,2,math,49 - 7 = ?,42,32,47,41
3983,2,math,63 - 61 = ?,2,3,5,4
3984,2,math,73 + 2 = ?,75,65,85,74
3985,2,math,52 - 2 = ?,50,60,51,40
3986,2,math,40 + 28 = ?,68,67,78,65
3987,2,math,21 + 1 = ?,22,18,23,27
3988,2,math,64 - 9 = ?,55,56,53,54
3989,2,math,22 + 26 = ?,48,46,47,44
3990,2,math,63 - 46 = ?,17,27,19,14
3991,2,math,40 + 73 = ?,113,103,111,123
3992,2,math,91 + 98 = ?,189,179,188,199
3993,2,math,56 + 3 = ?,59,63,60,58
3994,2,math,30 + 6 = ?,36,35,37,46
3995,2,math,71 - 4 = ?,67,68,66,72
3996,2,math,89 - 39 = ?,50,49,53,60
3997,2,math,50 + 22 = ?,72,71,73,82
3998,2,math,54 + 83 = ?,137,136,147,127
3999,2,math,43 - 2 = ?,41,31,51,40
4000,2,math,19 - 11 = ?,8,6,18,7
4001,2,math,60 + 1 = ?,61,60,51,71
4002,2,math,42 - 2 = ?,40,43,45,39
4003,2,math,35 - 2 = ?,33,43,23,34
4004,2,math,50 - 6 = ?,44,45,34,54
4005,2,math,16 + 51 = ?,67,72,57,77
4006,2,math,91 - 90 = ?,1,0,2,11
4007,2,math,62 - 26 = ?,36,37,46,41
4008,2,math,90 - 81 = ?,9,10,8,19
4009,2,math,59 - 17 = ?,42,43,52,32
4010,2,math,93 - 90 = ?,3,2,13,4
4011,2,math,22 - 4 = ?,18,19,28,20
4012,2,math,77 + 12 = ?,89,88,99,79
4013,2,math,55 + 63 = ?,118,117,108,113
4014,2,math,48 + 1 = ?,49,39,50,59
4015,2,math,28 + 2 = ?,30,29,40,28
4016,2,math,65 + 90 = ?,155,151,156,150
4017,2,math,14 + 49 = ?,63,62,64,73
4018,2,math,26 - 6 = ?,20,23,21,30
4019,2,math,15 - 9 = ?,6,7,10,5
4020,2,math,39 - 4 = ?,35,33,45,25
4021,2,math,32 - 2 = ?,30,31,20,29
4022,2,math,87 - 40 = ?,47,46,48,57
4023,2,math,83 - 29 = ?,54,55,53,44
4024,2,math,69 - 43 = ?,26,27,23,36
4025,2,math,37 - 13 = ?,24,23,25,34
4026,2,math,45 - 11 = ?,34,44,33,24
4027,2,math,32 + 4 = ?,36,37,46,26
4028,2,math,94 - 79 = ?,15,19,14,16
4029,2,math,22 + 2 = ?,24,14,23,26
4030,2,math,59 - 56 = ?,3,2,5,13
4031,2,math,69 + 1 = ?,70,71,69,80
4032,2,math,29 + 1 = ?,30,20,40,29
4033,2,math,99 - 18 = ?,81,80,71,76
4034,2,math,80 + 3 = ?,83,93,73,82
4035,2,math,70 - 37 = ?,33,43,32,34
4036,2,math,61 + 62 = ?,123,125,113,124
4037,2,math,75 - 4 = ?,71,70,61,72
4038,2,math,37 - 28 = ?,9,10,19,8
4039,2,math,49 - 1 = ?,48,51,58,38
4040,2,math,71 - 10 = ?,61,62,71,60
4041,2,math,66 + 8 = ?,74,73,64,75
4042,2,math,78 + 67 = ?,145,148,144,140
4043,2,math,96 - 81 = ?,15,12,11,16
4044,2,math,32 - 31 = ?,1,2,0,11
4045,2,math,84 - 80 = ?,4,3,5,0
4046,2,math,93 + 41 = ?,134,135,124,133
4047,2,math,51 - 18 = ?,33,23,43,32
4048,2,math,88 - 3 = ?,85,75,86,95
4049,2,math,98 + 8 = ?,106,116,102,105
4050,2,math,34 - 7 = ?,27,26,30,37
4051,2,math,73 - 9 = ?,64,59,65,67
4052,2,math,95 - 9 = ?,86,87,85,96
4053,2,math,74 + 84 = ?,158,159,168,157
4054,2,math,57 + 2 = ?,59,69,49,61
4055,2,math,57 - 33 = ?,24,14,23,19
4056,2,math,28 + 1 = ?,29,39,19,34
4057,2,math,29 + 79 = ?,108,98,105,107
4058,2,math,89 + 1 = ?,90,91,89,88
4059,2,math,42 - 40 = ?,2,1,0,3
4060,2,math,62 + 40 = ?,102,112,103,92
4061,2,math,22 + 31 = ?,53,54,63,43
4062,2,math,31 + 4 = ?,35,45,37,25
4063,2,math,25 - 24 = ?,1,11,0,2
4064,2,math,39 + 8 = ?,47,37,44,45
4065,2,math,28 - 4 = ?,24,23,34,25
4066,2,math,34 - 13 = ?,21,26,20,22
4067,2,math,34 - 9 = ?,25,27,24,15
4068,2,math,90 - 1 = ?,89,90,99,88
4069,2,math,61 - 49 = ?,12,22,11,2
4070,2,math,25 - 7 = ?,18,21,23,17
4071,2,math,72 + 3 = ?,75,74,73,76
4072,2,math,97 - 5 = ?,92,82,102,96
4073,2,math,50 + 57 = ?,107,97,106,112
4074,2,math,55 + 6 = ?,61,60,62,71
4075,2,math,57 - 20 = ?,37,47,38,36
4076,2,math,49 + 75 = ?,124,134,123,114
4077,2,math,45 - 9 = ?,36,34,37,35
4078,2,math,15 + 94 = ?,109,108,110,119
4079,2,math,20 - 17 = ?,3,2,13,4
4080,2,math,76 - 8 = ?,68,58,67,69
4081,2,math,54 + 11 = ?,65,64,60,66
4082,2,math,10 + 4 = ?,14,24,16,13
4083,2,math,54 + 93 = ?,147,157,146,148
4084,2,math,43 + 27 = ?,70,60,71,80
4085,2,math,41 + 7 = ?,48,38,47,58
4086,2,math,91 - 1 = ?,90,100,85,89
4087,2,math,81 - 40 = ?,41,42,51,40
4088,2,math,45 - 5 = ?,40,39,36,30
4089,2,math,80 + 37 = ?,117,118,116,127
4090,2,math,18 + 4 = ?,22,21,23,24
4091,2,math,38 - 8 = ?,30,25,31,29
4092,2,math,17 + 66 = ?,83,93,73,84
4093,2,math,28 + 25 = ?,53,63,48,52
4094,2,math,84 - 9 = ?,75,65,76,85
4095,2,math,78 + 38 = ?,116,119,115,106
4096,2,math,32 + 24 = ?,56,66,57,46
4097,2,math,93 - 37 = ?,56,55,53,46
4098,2,math,31 - 8 = ?,23,33,24,13
4099,2,math,81 + 5 = ?,86,76,96,87
4100,2,math,26 - 8 = ?,18,8,17,28
4101,2,math,69 - 50 = ?,19,18,9,20
4102,2,math,20 - 1 = ?,19,17,18,29
4103,2,math,91 + 9 = ?,100,101,99,90
4104,2,math,17 - 5 = ?,12,2,22,13
4105,2,math,16 - 9 = ?,7,17,6,5
4106,2,math,17 + 24 = ?,41,40,51,42
4107,2,math,57 + 55 = ?,112,110,114,113
4108,2,math,78 + 53 = ?,131,130,132,129
4109,2,math,15 + 7 = ?,22,23,20,12
4110,2,math,55 - 37 = ?,18,28,8,17
4111,2,math,62 - 11 = ?,51,49,52,53
4112,2,math,74 + 81 = ?,155,145,154,165
4113,2,math,22 - 5 = ?,17,16,27,22
4114,2,math,70 + 29 = ?,99,89,100,102
4115,2,math,27 - 10 = ?,17,18,27,16
4116,2,math,72 - 5 = ?,67,66,63,77
4117,2,math,62 + 14 = ?,76,86,75,77
4118,2,math,77 + 15 = ?,92,93,102,94
4119,2,math,74 - 57 = ?,17,14,18,27
4120,2,math,99 - 47 = ?,52,47,53,51
4121,2,math,67 + 7 = ?,74,73,84,64
4122,2,math,40 - 3 = ?,37,36,27,47
4123,2,math,88 + 2 = ?,90,100,89,91
4124,2,math,79 - 4 = ?,75,85,65,76
4125,2,math,53 - 7 = ?,46,47,51,36
4126,2,math,35 + 99 = ?,134,144,135,124
4127,2,math,81 + 23 = ?,104,105,94,101
4128,2,math,34 - 6 = ?,28,27,29,38
4129,2,math,88 + 86 = ?,174,164,173,175
4130,2,math,28 + 2 = ?,30,29,20,33
4131,2,math,34 + 5 = ?,39,36,40,49
4132,2,math,47 + 2 = ?,49,59,39,50
4133,2,math,80 - 32 = ?,48,43,58,38
4134,2,math,46 - 23 = ?,23,22,13,26
4135,2,math,93 - 3 = ?,90,80,93,100
4136,2,math,15 - 9 = ?,6,5,7,16
4137,2,math,73 + 2 = ?,75,71,76,74
4138,2,math,80 - 1 = ?,79,80,69,89
4139,2,math,80 + 2 = ?,82,87,72,83
4140,2,math,82 + 90 = ?,172,162,170,171
4141,2,math,35 + 72 = ?,107,108,97,106
4142,2,math,45 - 4 = ?,41,31,42,51
4143,2,math,76 + 9 = ?,85,86,81,75
4144,2,math,73 - 13 = ?,60,59,50,58
4145,2,math,94 - 5 = ?,89,90,99,91
4146,2,math,86 - 42 = ?,44,54,47,43
4147,2,math,82 - 37 = ?,45,35,55,46
4148,2,math,77 - 9 = ?,68,64,58,69
4149,2,math,28 + 9 = ?,37,36,33,40
4150,2,math,31 + 37 = ?,68,78,63,58
4151,2,math,45 - 18 = ?,27,17,26,24
4152,2,math,57 + 96 = ?,153,143,163,154
4153,2,math,11 - 1 = ?,10,13,7,20
4154,2,math,98 + 95 = ?,193,194,203,192
4155,2,math,73 - 23 = ?,50,47,49,51
4156,2,math,14 + 28 = ?,42,41,47,43
4157,2,math,43 + 75 = ?,118,123,117,128
4158,2,math,78 + 43 = ?,121,120,131,111
4159,2,math,92 - 62 = ?,30,29,20,33
4160,2,math,88 + 4 = ?,92,95,82,102
4161,2,math,65 - 19 = ?,46,43,45,48
4162,2,math,90 - 56 = ?,34,33,44,24
4163,2,math,87 - 68 = ?,19,18,14,21
4164,2,math,17 - 2 = ?,15,14,16,5
4165,2,math,62 + 2 = ?,64,65,63,54
4166,2,math,10 - 7 = ?,3,4,13,2
4167,2,math,25 - 20 = ?,5,6,10,15
4168,2,math,76 - 61 = ?,15,16,25,14
4169,2,math,97 + 9 = ?,106,116,105,96
4170,2,math,67 - 65 = ?,2,3,12,1
4171,2,math,89 + 7 = ?,96,95,101,99
4172,2,math,64 + 10 = ?,74,73,84,78
4173,2,math,75 - 46 = ?,29,39,19,32
4174,2,math,48 + 18 = ?,66,65,67,56
4175,2,math,98 - 4 = ?,94,104,95,93
4176,2,math,13 - 4 = ?,9,6,8,10
4177,2,math,29 - 12 = ?,17,18,12,16
4178,2,math,19 + 9 = ?,28,29,18,38
4179,2,math,89 - 64 = ?,25,35,26,15
4180,2,math,95 - 5 = ?,90,89,91,93
4181,2,math,52 + 77 = ?,129,132,119,139
4182,2,math,31 + 2 = ?,33,23,32,43
4183,2,math,87 - 4 = ?,83,82,78,84
4184,2,math,61 - 50 = ?,11,21,12,10
4185,2,math,32 + 11 = ?,43,33,44,53
4186,2,math,43 + 46 = ?,89,90,93,88
4187,2,math,99 + 6 = ?,105,106,104,95
4188,2,math,17 + 4 = ?,21,11,20,22
4189,2,math,78 + 9 = ?,87,92,97,86
4190,2,math,94 + 3 = ?,97,107,87,98
4191,2,math,81 + 56 = ?,137,136,127,147
4192,2,math,44 + 14 = ?,58,68,59,48
4193,2,math,19 + 7 = ?,26,16,27,36
4194,2,math,46 + 98 = ?,144,149,143,134
4195,2,math,75 - 8 = ?,67,68,77,66
4196,2,math,12 + 2 = ?,14,4,24,13
4197,2,math,58 + 8 = ?,66,56,67,68
4198,2,math,86 - 4 = ?,82,81,92,83
4199,2,math,91 - 8 = ?,83,84,93,81
4200,2,math,44 + 20 = ?,64,60,74,66
4201,2,math,38 - 18 = ?,20,30,19,15
4202,2,math,26 - 16 = ?,10,20,9,11
4203,2,math,60 - 8 = ?,52,47,62,53
4204,2,math,19 + 7 = ?,26,29,31,30
4205,2,math,81 + 3 = ?,84,83,85,94
4206,2,math,53 - 2 = ?,51,52,53,41
4207,2,math,87 + 99 = ?,186,187,176,196
4208,2,math,74 + 5 = ?,79,83,78,89
4209,2,math,61 + 1 = ?,62,63,66,52
4210,2,math,13 + 6 = ?,19,18,29,17
4211,2,math,96 - 8 = ?,88,98,89,78
4212,2,math,22 - 9 = ?,13,23,3,14
4213,2,math,62 + 94 = ?,156,146,166,155
4214,2,math,92 - 1 = ?,91,92,89,101
4215,2,math,53 + 2 = ?,55,45,52,56
4216,2,math,61 - 3 = ?,58,59,48,68
4217,2,math,72 - 48 = ?,24,14,34,23
4218,2,math,72 - 12 = ?,60,59,61,50
4219,2,math,12 + 7 = ?,19,20,17,15
4220,2,math,69 - 5 = ?,64,54,65,74
4221,2,math,11 + 9 = ?,20,21,19,30
4222,2,math,95 - 18 = ?,77,81,87,67
4223,2,math,44 - 8 = ?,36,37,26,46
4224,2,math,78 - 8 = ?,70,60,74,72
4225,2,math,95 - 84 = ?,11,1,21,12
4226,2,math,70 + 43 = ?,113,108,114,103
4227,2,math,90 - 1 = ?,89,90,99,94
4228,2,math,73 - 45 = ?,28,29,18,27
4229,2,math,60 + 73 = ?,133,132,143,123
4230,2,math,80 - 55 = ?,25,26,24,15
4231,2,math,86 + 7 = ?,93,94,92,90
4232,2,math,54 + 7 = ?,61,66,62,60
4233,2,math,44 + 10 = ?,54,56,53,55
4234,2,math,63 + 3 = ?,66,56,65,69
4235,2,math,85 - 3 = ?,82,92,79,83
4236,2,math,21 + 4 = ?,25,24,15,26
4237,2,math,35 + 6 = ?,41,42,31,51
4238,2,math,76 - 39 = ?,37,36,27,38
4239,2,math,94 - 34 = ?,60,70,61,50
4240,2,math,26 - 9 = ?,17,18,13,7
4241,2,math,20 + 4 = ?,24,14,23,20
4242,2,math,73 - 2 = ?,71,67,74,75
4243,2,math,88 - 22 = ?,66,67,65,61
4244,2,math,32 - 8 = ?,24,34,23,26
4245,2,math,10 + 2 = ?,12,22,11,13
4246,2,math,51 + 73 = ?,124,114,123,134
4247,2,math,97 + 3 = ?,100,110,99,103
4248,2,math,77 + 94 = ?,171,172,161,170
4249,2,math,47 - 29 = ?,18,19,28,20
4250,2,math,29 - 4 = ?,25,35,21,24
4251,2,math,48 - 11 = ?,37,36,39,38
4252,2,math,64 + 8 = ?,72,62,73,71
4253,2,math,37 - 9 = ?,28,18,38,27
4254,2,math,29 - 25 = ?,4,2,3,14
4255,2,math,83 + 21 = ?,104,103,114,94
4256,2,math,51 - 44 = ?,7,17,11,4
4257,2,math,71 - 32 = ?,39,49,29,35
4258,2,math,35 - 3 = ?,32,35,42,33
4259,2,math,22 + 11 = ?,33,23,43,30
4260,2,math,37 - 7 = ?,30,27,31,28
4261,2,math,14 + 47 = ?,61,71,62,51
4262,2,math,95 - 47 = ?,48,53,47,58
4263,2,math,67 - 3 = ?,64,59,63,68
4264,2,math,53 + 72 = ?,125,135,126,124
4265,2,math,42 + 1 = ?,43,53,44,42
4266,2,math,75 - 1 = ?,74,76,73,64
4267,2,math,67 + 2 = ?,69,59,70,79
4268,2,math,78 - 53 = ?,25,15,22,35
4269,2,math,50 - 1 = ?,49,48,50,39
4270,2,math,18 - 2 = ?,16,6,13,26
4271,2,math,45 + 78 = ?,123,113,124,133
4272,2,math,44 + 88 = ?,132,133,122,131
4273,2,math,24 - 6 = ?,18,28,17,8
4274,2,math,47 + 9 = ?,56,55,46,57
4275,2,math,81 - 5 = ?,76,71,86,80
4276,2,math,84 - 76 = ?,8,7,10,9
4277,2,math,86 + 73 = ?,159,156,160,169
4278,2,math,72 + 5 = ?,77,67,80,76
4279,2,math,90 + 3 = ?,93,97,94,92
4280,2,math,24 - 10 = ?,14,4,13,15
4281,2,math,92 - 74 = ?,18,17,8,19
4282,2,math,45 + 56 = ?,101,99,100,104
4283,2,math,52 - 36 = ?,16,6,26,17
4284,2,math,10 + 4 = ?,14,24,18,13
4285,2,math,99 - 20 = ?,79,80,69,78
4286,2,math,50 + 83 = ?,133,143,134,132
4287,2,math,35 + 6 = ?,41,31,42,51
4288,2,math,79 - 20 = ?,59,58,69,60
4289,2,math,71 + 5 = ?,76,75,79,86
4290,2,math,96 - 6 = ?,90,100,89,80
4291,2,math,50 + 46 = ?,96,95,97,106
4292,2,math,84 - 62 = ?,22,21,12,23
4293,2,math,62 - 56 = ?,6,7,16,11
4294,2,math,75 - 2 = ?,73,72,74,69
4295,2,math,74 + 8 = ?,82,81,83,92
4296,2,math,13 + 2 = ?,15,12,5,18
4297,2,math,48 + 3 = ?,51,50,52,61
4298,2,math,59 + 35 = ?,94,98,84,93
4299,2,math,70 - 56 = ?,14,15,13,4
4300,2,math,25 - 3 = ?,22,23,21,32
4301,2,math,49 + 7 = ?,56,52,51,57
4302,2,math,85 + 1 = ?,86,76,85,96
4303,2,math,97 - 5 = ?,92,82,97,91
4304,2,math,97 + 48 = ?,145,146,135,150
4305,2,math,36 + 76 = ?,112,113,122,102
4306,2,math,52 + 1 = ?,53,52,54,63
4307,2,math,28 + 76 = ?,104,114,103,94
4308,2,math,98 - 90 = ?,8,13,7,18
4309,2,math,46 + 94 = ?,140,130,141,150
4310,2,math,26 + 31 = ?,57,56,58,47
4311,2,math,34 + 52 = ?,86,87,76,85
4312,2,math,22 + 58 = ?,80,81,90,79
4313,2,math,16 - 7 = ?,9,13,8,5
4314,2,math,64 + 9 = ?,73,74,83,72
4315,2,math,36 - 8 = ?,28,18,27,38
4316,2,math,96 - 56 = ?,40,30,41,39
4317,2,math,30 - 9 = ?,21,31,23,22
4318,2,math,75 + 8 = ?,83,82,84,93
4319,2,math,76 - 69 = ?,7,12,6,8
4320,2,math,54 + 5 = ?,59,69,58,49
4321,2,math,86 - 30 = ?,56,66,61,57
4322,2,math,19 + 2 = ?,21,22,11,20
4323,2,math,45 - 4 = ?,41,40,31,42
4324,2,math,92 - 84 = ?,8,7,9,18
4325,2,math,98 + 2 = ?,100,110,95,99
4326,2,math,21 + 86 = ?,107,105,117,108
4327,2,math,12 + 20 = ?,32,22,42,30
4328,2,math,27 + 61 = ?,88,87,98,78
4329,2,math,41 + 46 = ?,87,97,77,92
4330,2,math,29 + 1 = ?,30,26,40,31
4331,2,math,28 + 86 = ?,114,113,116,117
4332,2,math,46 - 46 = ?,0,1,10,4
4333,2,math,28 + 14 = ?,42,45,41,43
4334,2,math,68 - 68 = ?,0,4,1,10
4335,2,math,43 + 9 = ?,52,53,50,51
4336,2,math,85 + 6 = ?,91,92,101,81
4337,2,math,97 - 17 = ?,80,81,90,75
4338,2,math,77 + 3 = ?,80,70,79,90
4339,2,math,33 + 35 = ?,68,64,78,69
4340,2,math,40 + 7 = ?,47,46,37,48
4341,2,math,92 - 85 = ?,7,12,5,6
4342,2,math,45 + 38 = ?,83,84,93,86
4343,2,math,74 + 32 = ?,106,116,96,105
4344,2,math,28 + 98 = ?,126,124,131,125
4345,2,math,26 - 16 = ?,10,9,20,0
4346,2,math,15 + 3 = ?,18,19,8,17
4347,2,math,56 + 82 = ?,138,137,148,139
4348,2,math,45 + 66 = ?,111,110,101,112
4349,2,math,11 - 9 = ?,2,12,1,3
4350,2,math,69 - 3 = ?,66,76,56,67
4351,2,math,98 + 6 = ?,104,101,103,114
4352,2,math,55 + 7 = ?,62,61,64,52
4353,2,math,33 + 17 = ?,50,51,40,52
4354,2,math,72 - 70 = ?,2,1,12,3
4355,2,math,72 - 5 = ?,67,66,68,77
4356,2,math,79 - 2 = ?,77,76,82,78
4357,2,math,65 + 4 = ?,69,59,68,70
4358,2,math,43 - 3 = ?,40,30,50,38
4359,2,math,81 + 47 = ?,128,138,129,125
4360,2,math,77 - 9 = ?,68,58,78,67
4361,2,math,38 + 71 = ?,109,99,110,119
4362,2,math,93 - 3 = ?,90,86,91,80
4363,2,math,16 - 4 = ?,12,22,11,13
4364,2,math,85 - 77 = ?,8,7,9,18
4365,2,math,66 - 61 = ?,5,15,6,10
4366,2,math,55 - 8 = ?,47,48,46,57
4367,2,math,94 + 4 = ?,98,108,97,99
4368,2,math,70 + 27 = ?,97,87,107,98
4369,2,math,96 - 77 = ?,19,22,20,9
4370,2,math,21 - 2 = ?,19,9,18,23
4371,2,math,11 + 93 = ?,104,105,103,94
4372,2,math,22 + 7 = ?,29,39,30,19
4373,2,math,70 + 4 = ?,74,72,84,73
4374,2,math,36 - 10 = ?,26,16,25,36
4375,2,math,60 + 9 = ?,69,70,79,59
4376,2,math,54 - 17 = ?,37,27,36,38
4377,2,math,34 + 20 = ?,54,58,44,53
4378,2,math,53 + 21 = ?,74,78,75,73
4379,2,math,18 + 6 = ?,24,34,23,28
4380,2,math,43 - 4 = ?,39,43,29,40
4381,2,math,39 + 7 = ?,46,45,36,41
4382,2,math,35 + 64 = ?,99,89,98,100
4383,2,math,78 - 38 = ?,40,41,39,50
4384,2,math,93 + 5 = ?,98,97,88,99
4385,2,math,78 - 13 = ?,65,75,55,64
4386,2,math,57 + 9 = ?,66,67,56,65
4387,2,math,39 + 51 = ?,90,80,100,92
4388,2,math,29 + 16 = ?,45,44,47,55
4389,2,math,54 - 1 = ?,53,58,63,43
4390,2,math,64 + 6 = ?,70,60,69,80
4391,2,math,80 + 50 = ?,130,140,131,134
4392,2,math,10 - 5 = ?,5,15,6,0
4393,2,math,42 + 9 = ?,51,41,49,61
4394,2,math,79 + 2 = ?,81,77,84,91
4395,2,math,19 + 7 = ?,26,16,36,25
4396,2,math,56 + 30 = ?,86,87,76,81
4397,2,math,94 - 78 = ?,16,26,15,6
4398,2,math,69 - 13 = ?,56,46,55,59
4399,2,math,39 + 7 = ?,46,50,45,49
4400,2,math,44 - 6 = ?,38,37,39,28
4401,2,math,61 + 6 = ?,67,65,62,57
4402,2,math,70 - 2 = ?,68,69,65,78
4403,2,math,79 - 31 = ?,48,51,38,47
4404,2,math,44 - 10 = ?,34,44,33,32
4405,2,math,80 - 54 = ?,26,27,16,25
4406,2,math,99 - 77 = ?,22,23,12,27
4407,2,math,14 + 98 = ?,112,107,113,122
4408,2,math,21 - 9 = ?,12,2,22,13
4409,2,math,43 + 60 = ?,103,102,113,93
4410,2,math,24 - 4 = ?,20,30,19,10
4411,2,math,98 + 3 = ?,101,91,111,100
4412,2,math,16 - 11 = ?,5,15,6,4
4413,2,math,51 + 52 = ?,103,113,104,93
4414,2,math,57 + 8 = ?,65,55,64,66
4415,2,math,81 - 49 = ?,32,22,27,33
4416,2,math,83 + 73 = ?,156,154,155,157
4417,2,math,35 + 13 = ?,48,47,49,58
4418,2,math,17 + 3 = ?,20,19,15,21
4419,2,math,90 - 73 = ?,17,18,16,27
4420,2,math,97 - 90 = ?,7,17,6,8
4421,2,math,20 + 34 = ?,54,44,57,53
4422,2,math,82 + 62 = ?,144,145,134,143
4423,2,math,86 + 1 = ?,87,77,97,86
4424,2,math,98 + 27 = ?,125,130,126,135
4425,2,math,19 + 97 = ?,116,126,117,115
4426,2,math,90 + 6 = ?,96,86,95,93
4427,2,math,81 - 62 = ?,19,9,14,20
4428,2,math,88 - 77 = ?,11,10,21,1
4429,2,math,54 - 39 = ?,15,16,10,5
4430,2,math,85 + 7 = ?,92,91,93,82
4431,2,math,92 - 56 = ?,36,26,37,35
4432,2,math,89 - 38 = ?,51,41,52,50
4433,2,math,28 - 15 = ?,13,23,12,3
4434,2,math,69 + 5 = ?,74,75,84,73
4435,2,math,40 + 2 = ?,42,41,43,32
4436,2,math,99 + 1 = ?,100,99,110,101
4437,2,math,12 - 9 = ?,3,2,13,4
4438,2,math,83 + 33 = ?,116,118,117,106
4439,2,math,26 + 5 = ?,31,35,32,21
4440,2,math,52 + 3 = ?,55,45,56,54
4441,2,math,99 + 35 = ?,134,135,124,133
4442,2,math,29 - 6 = ?,23,24,13,22
4443,2,math,83 - 18 = ?,65,75,68,66
4444,2,math,25 + 74 = ?,99,100,109,98
4445,2,math,32 + 35 = ?,67,72,57,77
4446,2,math,15 - 1 = ?,14,13,15,24
4447,2,math,50 + 30 = ?,80,81,70,79
4448,2,math,74 - 39 = ?,35,34,30,32
4449,2,math,93 - 29 = ?,64,63,54,65
4450,2,math,49 - 9 = ?,40,39,50,41
4451,2,math,33 + 79 = ?,112,102,113,122
4452,2,math,28 - 23 = ?,5,4,3,15
4453,2,math,30 - 8 = ?,22,19,12,23
4454,2,math,81 - 2 = ?,79,89,69,80
4455,2,math,82 + 4 = ?,86,87,96,85
4456,2,math,70 + 8 = ?,78,88,79,68
4457,2,math,20 - 3 = ?,17,7,18,16
4458,2,math,52 - 3 = ?,49,48,47,39
4459,2,math,65 - 4 = ?,61,62,60,51
4460,2,math,41 + 57 = ?,98,88,108,97
4461,2,math,21 - 7 = ?,14,4,15,24
4462,2,math,84 + 82 = ?,166,165,176,167
4463,2,math,46 + 6 = ?,52,53,51,42
4464,2,math,52 - 51 = ?,1,11,2,0
4465,2,math,38 + 3 = ?,41,51,31,40
4466,2,math,64 - 60 = ?,4,14,5,3
4467,2,math,18 - 15 = ?,3,13,7,4
4468,2,math,45 + 3 = ?,48,58,38,49
4469,2,math,15 + 36 = ?,51,41,48,50
4470,2,math,99 - 58 = ?,41,51,40,42
4471,2,math,93 - 65 = ?,28,27,38,29
4472,2,math,65 + 25 = ?,90,100,80,88
4473,2,math,41 - 35 = ?,6,11,5,10
4474,2,math,18 + 3 = ?,21,20,11,22
4475,2,math,38 - 9 = ?,29,39,26,28
4476,2,math,21 + 95 = ?,116,117,106,126
4477,2,math,69 - 68 = ?,1,0,11,2
4478,2,math,86 - 41 = ?,45,44,35,55
4479,2,math,50 - 1 = ?,49,47,48,39
4480,2,math,60 + 4 = ?,64,54,63,67
4481,2,math,43 + 44 = ?,87,97,86,85
4482,2,math,67 - 7 = ?,60,61,70,59
4483,2,math,68 + 90 = ?,158,159,168,157
4484,2,math,82 - 3 = ?,79,78,69,89
4485,2,math,88 - 13 = ?,75,65,76,74
4486,2,math,85 + 9 = ?,94,99,93,104
4487,2,math,94 + 2 = ?,96,86,106,97
4488,2,math,87 - 9 = ?,78,77,68,88
4489,2,math,72 + 86 = ?,158,155,157,168
4490,2,math,24 - 6 = ?,18,28,19,8
4491,2,math,52 + 3 = ?,55,65,45,56
4492,2,math,21 + 89 = ?,110,109,111,100
4493,2,math,10 + 1 = ?,11,21,12,10
4494,2,math,83 + 9 = ?,92,82,91,102
4495,2,math,59 - 1 = ?,58,68,48,59
4496,2,math,88 - 75 = ?,13,12,14,23
4497,2,math,35 + 85 = ?,120,110,130,121
4498,2,math,92 + 27 = ?,119,124,109,120
4499,2,math,88 + 9 = ?,97,107,96,87
4500,2,math,73 + 53 = ?,126,116,136,125
4501,2,math,45 + 4 = ?,49,45,59,50
4502,2,math,43 + 45 = ?,88,85,87,89
4503,2,math,88 - 3 = ?,85,95,75,84
4504,2,math,16 + 8 = ?,24,21,25,26
4505,2,math,14 - 5 = ?,9,10,7,19
4506,2,math,73 + 98 = ?,171,170,172,161
4507,2,math,99 - 15 = ?,84,83,74,85
4508,2,math,90 + 4 = ?,94,97,89,84
4509,2,math,94 - 32 = ?,62,72,63,57
4510,2,math,55 + 91 = ?,146,156,145,147
4511,2,math,15 - 5 = ?,10,6,15,11
4512,2,math,89 + 30 = ?,119,129,118,120
4513,2,math,27 + 13 = ?,40,30,39,35
4514,2,math,91 - 4 = ?,87,86,97,90
4515,2,math,17 + 7 = ?,24,25,23,34
4516,2,math,63 + 9 = ?,72,73,62,71
4517,2,math,38 - 3 = ?,35,25,45,31
4518,2,math,61 - 38 = ?,23,24,22,20
4519,2,math,78 - 54 = ?,24,23,21,25
4520,2,math,62 - 14 = ?,48,44,47,49
4521,2,math,25 - 1 = ?,24,14,25,34
4522,2,math,14 + 9 = ?,23,24,13,22
4523,2,math,65 + 9 = ?,74,75,72,84
4524,2,math,85 - 48 = ?,37,27,38,36
4525,2,math,87 - 2 = ?,85,84,75,95
4526,2,math,99 - 51 = ?,48,50,53,47
4527,2,math,55 + 36 = ?,91,87,92,88
4528,2,math,68 - 30 = ?,38,48,36,37
4529,2,math,52 - 1 = ?,51,47,61,41
4530,2,math,46 - 11 = ?,35,33,34,37
4531,2,math,36 - 9 = ?,27,17,25,37
4532,2,math,61 - 50 = ?,11,10,1,8
4533,2,math,41 + 83 = ?,124,114,123,125
4534,2,math,36 - 10 = ?,26,22,25,16
4535,2,math,58 + 8 = ?,66,76,65,56
4536,2,math,92 - 19 = ?,73,63,74,72
4537,2,math,40 + 18 = ?,58,63,59,48
4538,2,math,52 - 5 = ?,47,48,46,37
4539,2,math,21 - 1 = ?,20,17,21,15
4540,2,math,35 - 2 = ?,33,43,32,34
4541,2,math,34 - 26 = ?,8,9,7,18
4542,2,math,73 - 7 = ?,66,67,68,56
4543,2,math,46 + 19 = ?,65,69,66,64
4544,2,math,94 - 90 = ?,4,5,14,3
4545,2,math,74 - 9 = ?,65,70,55,66
4546,2,math,87 - 11 = ?,76,79,77,81
4547,2,math,74 + 86 = ?,160,170,161,150
4548,2,math,39 - 7 = ?,32,33,42,31
4549,2,math,70 - 1 = ?,69,79,59,70
4550,2,math,54 - 53 = ?,1,11,0,4
4551,2,math,72 - 16 = ?,56,46,66,55
4552,2,math,12 + 9 = ?,21,11,31,22
4553,2,math,63 - 20 = ?,43,33,44,53
4554,2,math,11 + 84 = ?,95,93,105,85
4555,2,math,25 + 89 = ?,114,104,115,124
4556,2,math,19 + 70 = ?,89,79,99,90
4557,2,math,80 - 9 = ?,71,81,70,61
4558,2,math,98 + 1 = ?,99,100,98,95
4559,2,math,66 + 99 = ?,165,166,164,162
4560,2,math,93 - 4 = ?,89,79,99,88
4561,2,math,90 - 6 = ?,84,94,83,85
4562,2,math,12 + 2 = ?,14,15,4,24
4563,2,math,81 + 83 = ?,164,154,167,165
4564,2,math,67 + 5 = ?,72,73,67,62
4565,2,math,31 - 8 = ?,23,33,28,24
4566,2,math,61 - 1 = ?,60,59,70,61
4567,2,math,20 + 65 = ?,85,95,84,86
4568,2,math,84 - 4 = ?,80,79,84,78
4569,2,math,77 - 46 = ?,31,21,30,41
4570,2,math,98 - 29 = ?,69,68,59,79
4571,2,math,91 - 28 = ?,63,53,73,62
4572,2,math,81 + 10 = ?,91,95,81,90
4573,2,math,40 + 4 = ?,44,45,43,34
4574,2,math,63 + 43 = ?,106,107,101,105
4575,2,math,95 - 7 = ?,88,89,98,87
4576,2,math,56 + 45 = ?,101,105,100,111
4577,2,math,95 + 52 = ?,147,152,146,148
4578,2,math,40 + 6 = ?,46,56,36,45
4579,2,math,58 + 65 = ?,123,122,133,124
4580,2,math,55 + 19 = ?,74,70,64,79
4581,2,math,63 + 1 = ?,64,65,63,74
4582,2,math,47 - 41 = ?,6,7,5,16
4583,2,math,83 - 20 = ?,63,64,62,60
4584,2,math,89 - 9 = ?,80,79,84,76
4585,2,math,36 - 34 = ?,2,1,3,12
4586,2,math,82 - 1 = ?,81,91,82,80
4587,2,math,40 + 14 = ?,54,44,64,55
4588,2,math,43 + 3 = ?,46,56,44,45
4589,2,math,72 + 6 = ?,78,88,82,79
4590,2,math,54 - 8 = ?,46,56,45,49
4591,2,math,23 + 6 = ?,29,19,33,39
4592,2,math,84 - 7 = ?,77,78,87,75
4593,2,math,67 - 46 = ?,21,22,17,16
4594,2,math,71 - 24 = ?,47,50,46,57
4595,2,math,49 - 3 = ?,46,47,45,36
4596,2,math,85 - 30 = ?,55,56,51,45
4597,2,math,53 + 5 = ?,58,48,68,59
4598,2,math,12 - 6 = ?,6,7,10,5
4599,2,math,68 - 9 = ?,59,60,69,54
4600,2,math,84 - 9 = ?,75,65,76,73
4601,2,math,87 - 53 = ?,34,24,44,35
4602,2,math,21 + 77 = ?,98,102,97,103
4603,2,math,16 + 8 = ?,24,29,34,25
4604,2,math,98 - 32 = ?,66,65,67,56
4605,2,math,60 + 4 = ?,64,74,63,68
4606,2,math,22 + 69 = ?,91,93,101,92
4607,2,math,22 - 4 = ?,18,17,28,8
4608,2,math,57 + 4 = ?,61,51,71,62
4609,2,math,68 - 18 = ?,50,47,49,60
4610,2,math,82 - 46 = ?,36,37,26,35
4611,2,math,73 + 3 = ?,76,86,80,66
4612,2,math,17 - 1 = ?,16,14,6,20
4613,2,math,14 + 13 = ?,27,26,28,37
4614,2,math,30 + 44 = ?,74,84,75,73
4615,2,math,48 + 83 = ?,131,132,134,121
4616,2,math,27 + 4 = ?,31,41,21,32
4617,2,math,93 - 57 = ?,36,35,26,37
4618,2,math,62 - 51 = ?,11,12,6,10
4619,2,math,92 + 97 = ?,189,179,199,188
4620,2,math,72 - 50 = ?,22,21,12,23
4621,2,math,37 + 60 = ?,97,98,87,102
4622,2,math,24 + 26 = ?,50,48,60,49
4623,2,math,98 - 86 = ?,12,13,2,11
4624,2,math,94 + 4 = ?,98,108,88,93
4625,2,math,90 - 85 = ?,5,15,6,4
4626,2,math,94 - 8 = ?,86,76,84,85
4627,2,math,99 - 2 = ?,97,107,95,96
4628,2,math,87 - 10 = ?,77,78,73,67
4629,2,math,12 - 6 = ?,6,2,16,5
4630,2,math,91 + 9 = ?,100,101,99,103
4631,2,math,72 - 26 = ?,46,36,47,45
4632,2,math,79 - 60 = ?,19,29,18,9
4633,2,math,43 - 7 = ?,36,37,46,26
4634,2,math,23 - 13 = ?,10,13,20,0
4635,2,math,81 + 40 = ?,121,131,111,122
4636,2,math,20 - 8 = ?,12,17,2,22
4637,2,math,68 + 78 = ?,146,136,147,156
4638,2,math,50 - 29 = ?,21,31,17,22
4639,2,math,73 - 41 = ?,32,22,31,42
4640,2,math,48 + 36 = ?,84,74,83,85
4641,2,math,58 + 3 = ?,61,71,63,51
4642,2,math,93 + 7 = ?,100,101,90,104
4643,2,math,95 - 38 = ?,57,58,67,56
4644,2,math,60 - 17 = ?,43,53,44,46
4645,2,math,64 - 57 = ?,7,2,17,6
4646,2,math,41 + 30 = ?,71,68,61,81
4647,2,math,11 + 71 = ?,82,81,92,83
4648,2,math,81 + 1 = ?,82,79,83,81
4649,2,math,40 - 22 = ?,18,17,28,8
4650,2,math,91 - 4 = ?,87,88,77,97
4651,2,math,80 - 75 = ?,5,15,4,6
4652,2,math,56 + 1 = ?,57,62,47,55
4653,2,math,92 - 17 = ?,75,73,85,78
4654,2,math,23 + 5 = ?,28,18,29,38
4655,2,math,17 - 5 = ?,12,13,11,22
4656,2,math,36 - 31 = ?,5,15,4,8
4657,2,math,20 + 25 = ?,45,46,55,35
4658,2,math,30 + 3 = ?,33,32,34,43
4659,2,math,95 - 67 = ?,28,27,18,38
4660,2,math,65 + 5 = ?,70,65,71,60
4661,2,math,44 + 82 = ?,126,127,129,125
4662,2,math,35 - 7 = ?,28,24,38,29
4663,2,math,88 - 80 = ?,8,18,9,5
4664,2,math,89 - 34 = ?,55,58,56,45
4665,2,math,45 - 3 = ?,42,32,41,43
4666,2,math,74 + 97 = ?,171,174,170,172
4667,2,math,87 - 5 = ?,82,81,92,72
4668,2,math,48 - 8 = ?,40,39,41,50
4669,2,math,94 + 1 = ?,95,105,85,94
4670,2,math,93 - 90 = ?,3,13,4,2
4671,2,math,99 - 63 = ?,36,37,35,26
4672,2,math,52 - 46 = ?,6,5,16,2
4673,2,math,64 - 49 = ?,15,14,25,5
4674,2,math,64 + 79 = ?,143,142,140,153
4675,2,math,23 - 22 = ?,1,11,0,2
4676,2,math,53 + 25 = ?,78,74,68,88
4677,2,math,11 - 1 = ?,10,0,9,15
4678,2,math,94 + 85 = ?,179,189,180,169
4679,2,math,50 + 43 = ?,93,83,91,103
4680,2,math,39 - 5 = ?,34,44,33,31
4681,2,math,20 + 9 = ?,29,25,19,39
4682,2,math,67 - 67 = ?,0,1,10,4
4683,2,math,72 - 31 = ?,41,31,40,42
4684,2,math,67 - 5 = ?,62,63,52,64
4685,2,math,53 - 8 = ?,45,46,55,35
4686,2,math,99 - 4 = ?,95,94,96,105
4687,2,math,78 - 37 = ?,41,42,45,31
4688,2,math,66 - 5 = ?,61,60,51,71
4689,2,math,36 - 1 = ?,35,36,25,34
4690,2,math,81 - 55 = ?,26,21,36,28
4691,2,math,34 - 6 = ?,28,27,38,18
4692,2,math,57 + 9 = ?,66,71,56,67
4693,2,math,42 + 56 = ?,98,88,108,99
4694,2,math,43 + 8 = ?,51,50,52,41
4695,2,math,82 - 34 = ?,48,58,49,38
4696,2,math,95 + 4 = ?,99,89,100,109
4697,2,math,91 - 45 = ?,46,45,56,41
4698,2,math,41 + 94 = ?,135,132,133,145
4699,2,math,66 + 7 = ?,73,83,77,74
4700,2,math,63 - 43 = ?,20,16,19,18
4701,2,math,72 - 40 = ?,32,22,31,33
4702,2,math,42 - 1 = ?,41,42,31,40
4703,2,math,59 - 3 = ?,56,57,54,55
4704,2,math,44 - 6 = ?,38,48,28,37
4705,2,math,63 - 11 = ?,52,51,53,42
4706,2,math,67 + 52 = ?,119,121,109,120
4707,2,math,62 - 9 = ?,53,52,50,54
4708,2,math,27 + 6 = ?,33,36,32,29
4709,2,math,14 + 3 = ?,17,16,27,7
4710,2,math,41 - 9 = ?,32,31,42,22
4711,2,math,35 + 88 = ?,123,122,121,127
4712,2,math,37 - 30 = ?,7,17,8,4
4713,2,math,20 - 6 = ?,14,4,15,13
4714,2,math,85 + 2 = ?,87,89,92,77
4715,2,math,33 + 30 = ?,63,53,62,73
4716,2,math,89 - 35 = ?,54,44,64,53
4717,2,math,24 + 50 = ?,74,76,75,64
4718,2,math,16 - 6 = ?,10,14,13,11
4719,2,math,60 - 15 = ?,45,35,46,44
4720,2,math,75 - 5 = ?,70,71,69,60
4721,2,math,60 - 13 = ?,47,37,57,44
4722,2,math,49 + 7 = ?,56,46,66,57
4723,2,math,54 + 80 = ?,134,139,133,124
4724,2,math,82 + 8 = ?,90,89,100,95
4725,2,math,46 + 83 = ?,129,119,139,128
4726,2,math,69 - 17 = ?,52,53,49,62
4727,2,math,90 - 1 = ?,89,90,91,88
4728,2,math,34 + 37 = ?,71,61,72,81
4729,2,math,42 - 2 = ?,40,39,30,44
4730,2,math,81 + 9 = ?,90,100,80,89
4731,2,math,92 + 70 = ?,162,159,163,172
4732,2,math,14 + 13 = ?,27,28,17,26
4733,2,math,84 - 19 = ?,65,66,64,55
4734,2,math,16 - 2 = ?,14,24,4,13
4735,2,math,69 - 45 = ?,24,23,25,14
4736,2,math,75 - 27 = ?,48,47,58,38
4737,2,math,63 + 24 = ?,87,77,86,97
4738,2,math,95 + 87 = ?,182,192,181,187
4739,2,math,66 - 3 = ?,63,62,73,53
4740,2,math,37 - 6 = ?,31,34,41,32
4741,2,math,49 + 93 = ?,142,143,152,132
4742,2,math,37 - 29 = ?,8,10,9,11
4743,2,math,69 - 5 = ?,64,61,65,63
4744,2,math,65 - 38 = ?,27,37,28,22
4745,2,math,12 - 11 = ?,1,0,4,11
4746,2,math,99 + 8 = ?,107,108,106,117
4747,2,math,36 + 8 = ?,44,43,54,45
4748,2,math,85 - 8 = ?,77,87,78,76
4749,2,math,56 - 9 = ?,47,46,51,37
4750,2,math,59 + 6 = ?,65,55,66,61
4751,2,math,52 - 32 = ?,20,19,10,25
4752,2,math,98 - 84 = ?,14,4,24,15
4753,2,math,85 + 6 = ?,91,90,92,81
4754,2,math,35 + 68 = ?,103,104,102,93
4755,2,math,73 + 56 = ?,129,124,139,119
4756,2,math,75 - 2 = ?,73,83,77,74
4757,2,math,97 - 96 = ?,1,5,4,2
4758,2,math,54 - 52 = ?,2,7,3,1
4759,2,math,70 + 26 = ?,96,93,97,106
4760,2,math,75 + 69 = ?,144,154,134,139
4761,2,math,24 + 52 = ?,76,75,86,73
4762,2,math,55 - 55 = ?,0,4,1,10
4763,2,math,28 + 16 = ?,44,34,45,54
4764,2,math,12 + 31 = ?,43,45,44,46
4765,2,math,76 - 74 = ?,2,6,12,3
4766,2,math,17 + 82 = ?,99,109,104,100
4767,2,math,63 + 93 = ?,156,157,146,153
4768,2,math,79 - 32 = ?,47,57,46,49
4769,2,math,86 - 11 = ?,75,74,77,65
4770,2,math,43 - 5 = ?,38,28,37,39
4771,2,math,42 + 2 = ?,44,43,54,45
4772,2,math,66 + 5 = ?,71,70,81,74
4773,2,math,20 + 9 = ?,29,28,30,39
4774,2,math,48 - 5 = ?,43,44,53,40
4775,2,math,16 + 58 = ?,74,64,84,75
4776,2,math,45 + 91 = ?,136,126,137,138
4777,2,math,49 - 47 = ?,2,3,1,12
4778,2,math,66 - 27 = ?,39,34,29,40
4779,2,math,63 - 5 = ?,58,63,68,57
4780,2,math,33 + 51 = ?,84,74,94,83
4781,2,math,82 - 12 = ?,70,69,80,68
4782,2,math,58 + 67 = ?,125,124,126,115
4783,2,math,28 + 71 = ?,99,98,100,89
4784,2,math,58 - 2 = ?,56,46,66,55
4785,2,math,20 + 3 = ?,23,33,22,13
4786,2,math,64 - 3 = ?,61,71,62,51
4787,2,math,15 + 96 = ?,111,113,110,112
4788,2,math,73 - 53 = ?,20,21,10,30
4789,2,math,63 - 31 = ?,32,42,31,33
4790,2,math,18 + 32 = ?,50,46,60,40
4791,2,math,34 + 31 = ?,65,64,61,55
4792,2,math,85 - 57 = ?,28,30,38,27
4793,2,math,72 + 6 = ?,78,74,68,88
4794,2,math,81 + 89 = ?,170,180,169,175
4795,2,math,97 - 51 = ?,46,47,45,41
4796,2,math,75 - 8 = ?,67,66,57,68
4797,2,math,77 + 1 = ?,78,75,77,88
4798,2,math,61 + 32 = ?,93,92,103,91
4799,2,math,50 + 44 = ?,94,91,95,93
4800,2,math,29 + 9 = ?,38,48,39,42
4801,2,math,94 + 32 = ?,126,127,116,130
4802,2,math,58 - 1 = ?,57,56,47,58
4803,2,math,34 - 6 = ?,28,29,27,31
4804,2,math,20 - 3 = ?,17,16,18,12
4805,2,math,39 + 30 = ?,69,66,59,79
4806,2,math,89 - 44 = ?,45,47,46,35
4807,2,math,91 + 49 = ?,140,150,142,145
4808,2,math,52 + 59 = ?,111,110,112,121
4809,2,math,66 - 8 = ?,58,57,48,59
4810,2,math,51 + 38 = ?,89,99,88,79
4811,2,math,54 + 21 = ?,75,85,76,65
4812,2,math,91 - 3 = ?,88,78,90,87
4813,2,math,12 - 2 = ?,10,11,0,20
4814,2,math,60 - 6 = ?,54,64,55,53
4815,2,math,72 + 7 = ?,79,78,80,69
4816,2,math,65 - 55 = ?,10,9,0,11
4817,2,math,89 + 44 = ?,133,132,131,123
4818,2,math,24 + 32 = ?,56,46,55,66
4819,2,math,66 - 3 = ?,63,53,68,62
4820,2,math,17 + 10 = ?,27,31,24,26
4821,2,math,90 - 48 = ?,42,41,52,32
4822,2,math,70 + 1 = ?,71,72,70,81
4823,2,math,50 - 29 = ?,21,11,22,20
4824,2,math,71 - 7 = ?,64,65,67,63
4825,2,math,31 + 86 = ?,117,118,115,112
4826,2,math,10 + 9 = ?,19,18,14,23
4827,2,math,34 + 69 = ?,103,113,104,98
4828,2,math,50 + 4 = ?,54,53,55,64
4829,2,math,59 - 8 = ?,51,61,52,47
4830,2,math,24 - 9 = ?,15,14,25,16
4831,2,math,94 - 6 = ?,88,98,87,89
4832,2,math,96 - 5 = ?,91,90,101,81
4833,2,math,37 - 34 = ?,3,2,4,13
4834,2,math,93 + 8 = ?,101,102,91,111
4835,2,math,18 + 8 = ?,26,25,27,36
4836,2,math,60 - 41 = ?,19,21,20,18
4837,2,math,44 - 30 = ?,14,4,15,13
4838,2,math,97 - 54 = ?,43,44,33,42
4839,2,math,59 + 64 = ?,123,122,133,126
4840,2,math,40 + 14 = ?,54,53,56,64
4841,2,math,38 - 3 = ?,35,31,34,25
4842,2,math,16 - 1 = ?,15,14,25,16
4843,2,math,26 + 34 = ?,60,70,50,59
4844,2,math,73 - 62 = ?,11,10,12,1
4845,2,math,62 + 4 = ?,66,56,65,67
4846,2,math,25 + 71 = ?,96,97,106,86
4847,2,math,20 - 6 = ?,14,24,4,15
4848,2,math,71 - 46 = ?,25,35,24,29
4849,2,math,35 - 13 = ?,22,12,25,27
4850,2,math,26 - 9 = ?,17,16,27,18
4851,2,math,53 - 38 = ?,15,20,25,5
4852,2,math,28 - 6 = ?,22,23,32,12
4853,2,math,34 - 3 = ?,31,41,26,32
4854,2,math,18 + 8 = ?,26,25,31,16
4855,2,math,47 - 3 = ?,44,34,43,45
4856,2,math,21 - 7 = ?,14,24,15,13
4857,2,math,49 - 38 = ?,11,12,6,10
4858,2,math,60 - 22 = ?,38,48,36,28
4859,2,math,49 + 5 = ?,54,53,64,59
4860,2,math,85 - 79 = ?,6,7,3,16
4861,2,math,26 + 68 = ?,94,93,84,95
4862,2,math,70 + 74 = ?,144,143,134,145
4863,2,math,94 - 3 = ?,91,81,101,90
4864,2,math,34 - 3 = ?,31,32,21,41
4865,2,math,51 - 50 = ?,1,2,11,0
4866,2,math,44 - 3 = ?,41,31,40,42
4867,2,math,75 + 86 = ?,161,151,171,162
4868,2,math,77 + 28 = ?,105,106,104,110
4869,2,math,88 + 5 = ?,93,92,83,94
4870,2,math,78 + 93 = ?,171,173,181,161
4871,2,math,22 - 1 = ?,21,25,19,22
4872,2,math,73 - 61 = ?,12,13,2,15
4873,2,math,84 - 3 = ?,81,91,80,71
4874,2,math,34 - 2 = ?,32,42,33,28
4875,2,math,66 + 93 = ?,159,158,149,162
4876,2,math,77 + 5 = ?,82,92,77,83
4877,2,math,86 + 6 = ?,92,82,102,93
4878,2,math,25 - 19 = ?,6,7,5,1
4879,2,math,88 + 5 = ?,93,97,83,94
4880,2,math,50 - 45 = ?,5,8,1,6
4881,2,math,87 + 9 = ?,96,101,106,86
4882,2,math,13 - 3 = ?,10,20,9,11
4883,2,math,70 - 62 = ?,8,18,9,4
4884,2,math,90 - 39 = ?,51,61,52,50
4885,2,math,61 - 9 = ?,52,55,51,62
4886,2,math,54 - 5 = ?,49,48,39,59
4887,2,math,86 - 66 = ?,20,30,21,10
4888,2,math,69 + 30 = ?,99,89,102,100
4889,2,math,12 - 4 = ?,8,18,3,9
4890,2,math,91 + 91 = ?,182,180,172,183
4891,2,math,27 + 93 = ?,120,130,123,119
4892,2,math,52 + 5 = ?,57,58,47,56
4893,2,math,79 - 1 = ?,78,88,77,68
4894,2,math,93 + 9 = ?,102,92,103,101
4895,2,math,78 + 7 = ?,85,86,75,95
4896,2,math,69 + 5 = ?,74,73,64,75
4897,2,math,65 - 65 = ?,0,1,10,2
4898,2,math,65 - 9 = ?,56,46,58,66
4899,2,math,89 - 62 = ?,27,17,37,26
4900,2,math,55 + 9 = ?,64,54,74,65
4901,2,math,73 + 5 = ?,78,68,79,83
4902,2,math,27 + 3 = ?,30,20,29,40
4903,2,math,70 - 58 = ?,12,13,2,7
4904,2,math,12 + 22 = ?,34,38,44,35
4905,2,math,69 + 8 = ?,77,78,67,76
4906,2,math,13 + 4 = ?,17,18,12,15
4907,2,math,85 - 7 = ?,78,79,76,88
4908,2,math,49 - 22 = ?,27,26,17,28
4909,2,math,63 - 4 = ?,59,49,64,58
4910,2,math,98 + 46 = ?,144,154,143,141
4911,2,math,48 - 25 = ?,23,24,33,22
4912,2,math,36 - 4 = ?,32,42,33,31
4913,2,math,83 + 9 = ?,92,87,82,91
4914,2,math,75 - 6 = ?,69,68,79,70
4915,2,math,71 - 8 = ?,63,53,60,62
4916,2,math,94 - 5 = ?,89,84,88,90
4917,2,math,48 + 4 = ?,52,42,51,50
4918,2,math,44 + 56 = ?,100,99,104,90
4919,2,math,93 + 27 = ?,120,130,110,118
4920,2,math,62 + 94 = ?,156,166,155,159
4921,2,math,53 - 52 = ?,1,6,2,0
4922,2,math,62 + 51 = ?,113,117,123,114
4923,2,math,37 - 2 = ?,35,31,34,32
4924,2,math,59 - 16 = ?,43,41,44,42
4925,2,math,76 + 54 = ?,130,125,131,120
4926,2,math,28 + 9 = ?,37,47,27,36
4927,2,math,72 - 1 = ?,71,75,72,70
4928,2,math,48 - 14 = ?,34,33,35,30
4929,2,math,42 + 1 = ?,43,44,42,38
4930,2,math,32 - 1 = ?,31,21,41,30
4931,2,math,87 - 4 = ?,83,93,82,73
4932,2,math,68 - 17 = ?,51,61,50,53
4933,2,math,97 + 31 = ?,128,138,129,127
4934,2,math,55 - 3 = ?,52,53,62,42
4935,2,math,76 + 52 = ?,128,129,138,127
4936,2,math,76 - 8 = ?,68,64,67,71
4937,2,math,84 - 5 = ?,79,80,69,78
4938,2,math,22 + 89 = ?,111,121,112,110
4939,2,math,51 + 3 = ?,54,55,44,53
4940,2,math,67 - 8 = ?,59,49,60,58
4941,2,math,42 - 29 = ?,13,3,14,12
4942,2,math,98 + 42 = ?,140,130,141,139
4943,2,math,87 - 13 = ?,74,69,64,75
4944,2,math,64 + 79 = ?,143,142,133,140
4945,2,math,39 + 1 = ?,40,39,45,41
4946,2,math,59 + 45 = ?,104,105,94,100
4947,2,math,95 - 3 = ?,92,91,102,88
4948,2,math,46 - 27 = ?,19,9,20,18
4949,2,math,38 + 4 = ?,42,43,32,41
4950,2,math,42 - 20 = ?,22,23,32,21
4951,2,math,96 + 89 = ?,185,175,186,195
4952,2,math,55 + 45 = ?,100,101,90,110
4953,2,math,74 + 5 = ?,79,89,80,78
4954,2,math,14 - 7 = ?,7,6,17,8
4955,2,math,54 - 13 = ?,41,40,31,38
4956,2,math,13 + 7 = ?,20,19,21,23
4957,2,math,64 - 34 = ?,30,31,29,20
4958,2,math,86 - 31 = ?,55,54,65,45
4959,2,math,37 + 16 = ?,53,54,52,43
4960,2,math,91 + 16 = ?,107,108,117,109
4961,2,math,74 - 12 = ?,62,72,52,61
4962,2,math,57 - 9 = ?,48,38,49,58
4963,2,math,62 + 45 = ?,107,97,108,106
4964,2,math,88 - 14 = ?,74,73,64,75
4965,2,math,39 + 8 = ?,47,57,46,37
4966,2,math,67 + 8 = ?,75,74,85,76
4967,2,math,65 + 9 = ?,74,78,75,70
4968,2,math,90 - 60 = ?,30,20,31,34
4969,2,math,67 - 66 = ?,1,4,11,2
4970,2,math,47 - 1 = ?,46,47,44,56
4971,2,math,78 - 44 = ?,34,31,35,44
4972,2,math,76 - 67 = ?,9,10,19,12
4973,2,math,83 - 5 = ?,78,68,80,77
4974,2,math,85 + 2 = ?,87,77,97,86
4975,2,math,28 - 24 = ?,4,14,1,6
4976,2,math,11 + 8 = ?,19,9,17,29
4977,2,math,42 - 28 = ?,14,13,24,4
4978,2,math,70 + 3 = ?,73,77,83,63
4979,2,math,21 - 16 = ?,5,6,4,15
4980,2,math,83 + 82 = ?,165,166,175,167
4981,2,math,62 - 6 = ?,56,57,55,66
4982,2,math,89 - 30 = ?,59,64,58,49
4983,2,math,16 - 2 = ?,14,10,4,15
4984,2,math,24 - 4 = ?,20,10,22,19
4985,2,math,72 + 61 = ?,133,143,137,123
4986,2,math,35 + 7 = ?,42,52,32,43
4987,2,math,66 - 52 = ?,14,13,4,15
4988,2,math,72 - 49 = ?,23,24,33,22
4989,2,math,95 - 21 = ?,74,64,75,84
4990,2,math,88 - 34 = ?,54,55,53,64
4991,2,math,17 - 10 = ?,7,5,8,17
4992,2,math,98 + 1 = ?,99,102,109,98
4993,2,math,35 - 7 = ?,28,18,38,29
4994,2,math,70 - 9 = ?,61,60,62,71
4995,2,math,24 + 36 = ?,60,70,50,61
4996,2,math,84 + 88 = ?,172,162,182,173
4997,2,math,66 + 9 = ?,75,65,74,76
4998,2,math,55 + 56 = ?,111,121,112,110
4999,2,math,35 + 82 = ?,117,115,127,118
5000,2,math,89 - 41 = ?,48,47,58,38
